{
"lengthUnit": "mil",
"components": {
	"fields": ["COMPONENT_NO", "COMPONENT_NAME", "LAYER", "X_COORDINATE", "Y_COORDINATE", "ANGLE"],
	"rows": [
		[1, "4.7kR", "T", 7725.35, -2240.33, 90],
		[2, "4.7kRN1", "T", 7495.35, -2240.33, 270],
		[3, "10kR", "T", 8000, -2240, 90],
		[4, "10uF", "T", 8237.92, -2242.07, 270],
		[5, "12MHz", "T", 6555, -2000, 0],
		[6, "16MHz", "T", 7135, -2000, 0],
		[7, "22pF", "T", 7039.37, -2240.63, 270],
		[8, "22pF", "T", 7229.37, -2239.37, 90],
		[9, "22pF", "T", 6460, -2240, 270],
		[10, "22pFN1", "T", 6651.05, -2239.8, 90],
		[11, "32.768kHz", "T", 9135, -1935, 90],
		[12, "100nF", "T", 6850.75, -2240.24, 90],
		[13, "100R", "T", 9172.48, -2515, 0],
		[14, "ATMEGA328P-PU", "T", 8290, -2585, 0],
		[15, "B1", "T", 9785, -2325, 0],
		[16, "CH340G", "T", 6795, -2580, 270],
		[17, "PCF8563T", "T", 7280, -2680, 270],
		[18, "SCREEN-1", "T", 7558.18, -395.96, 0],
		[19, "SCREEN-2", "T", 8897.87, -395.96, 0],
		[20, "SCREEN-3", "T", 6892.55, -1230.96, 0],
		[21, "SCREEN-4", "T", 8223.18, -1233.22, 0],
		[22, "SCREEN-5", "T", 9552.87, -1233.22, 0],
		[23, "SS14", "T", 8841, -2106, 90],
		[24, "SS14N1", "T", 8540, -2105, 90],
		[25, "Status LED", "T", 9170, -2695, 180],
		[26, "USBM", "T", 6410, -2625, 270]
	]
},
"pins": {
	"fields": ["PIN_NO", "PIN_NAME", "PIN_X", "PIN_Y", "LAYER", "PIN_TYPE", "NET_NAME", "NET_TYPE", "PAD_SHAPE", "PAD_SIZEX", "PAD_SIZEY", "HOLE_SIZE", "PAD_ANGLE"],
	"rows": [
		[1, "4.7kR_1", 7725.35, -2279.7, "T", "SMD", "SDA", "", "R", 44.59, 54.21, 0, 90],
		[2, "4.7kR_2", 7725.35, -2200.96, "T", "SMD", "$1N1492", "", "R", 44.59, 54.21, 0, 90],
		[3, "4.7kRN1_1", 7495.35, -2200.96, "T", "SMD", "SCL", "", "R", 44.59, 54.21, 0, 270],
		[4, "4.7kRN1_2", 7495.35, -2279.7, "T", "SMD", "$1N1494", "", "R", 44.59, 54.21, 0, 270],
		[5, "10kR_1", 8000, -2279.37, "T", "SMD", "ATRS", "", "R", 44.59, 54.21, 0, 90],
		[6, "10kR_2", 8000, -2200.63, "T", "SMD", "+5V", "", "R", 44.59, 54.21, 0, 90],
		[7, "10uF_1", 8237.92, -2202.7, "T", "SMD", "$1N22010", "", "R", 55.51, 53.15, 0, 270],
		[8, "10uF_2", 8237.92, -2281.44, "T", "SMD", "GND", "GND", "R", 55.51, 53.15, 0, 270],
		[9, "12MHz_1", 6460, -2000, "T", "DIP", "CHXO", "", "C", 47.7, 47.7, 32, 0],
		[10, "12MHz_1", 6460, -2000, "B", "DIP", "CHXO", "", "C", 47.7, 47.7, 32, 0],
		[11, "12MHz_2", 6650, -2000, "T", "DIP", "CHXI", "", "C", 47.7, 47.7, 32, 0],
		[12, "12MHz_2", 6650, -2000, "B", "DIP", "CHXI", "", "C", 47.7, 47.7, 32, 0],
		[13, "16MHz_1", 7040, -2000, "T", "DIP", "ATX2", "", "C", 47.7, 47.7, 32, 0],
		[14, "16MHz_1", 7040, -2000, "B", "DIP", "ATX2", "", "C", 47.7, 47.7, 32, 0],
		[15, "16MHz_2", 7230, -2000, "T", "DIP", "ATX1", "", "C", 47.7, 47.7, 32, 0],
		[16, "16MHz_2", 7230, -2000, "B", "DIP", "ATX1", "", "C", 47.7, 47.7, 32, 0],
		[17, "22pF_1", 7039.37, -2201.26, "T", "SMD", "ATX2", "", "R", 55.51, 53.15, 0, 270],
		[18, "22pF_2", 7039.37, -2280, "T", "SMD", "GND", "GND", "R", 55.51, 53.15, 0, 270],
		[19, "22pF_1", 7229.37, -2278.74, "T", "SMD", "GND", "GND", "R", 55.51, 53.15, 0, 90],
		[20, "22pF_2", 7229.37, -2200, "T", "SMD", "ATX1", "", "R", 55.51, 53.15, 0, 90],
		[21, "22pF_1", 6460, -2200.63, "T", "SMD", "CHXO", "", "R", 55.51, 53.15, 0, 270],
		[22, "22pF_2", 6460, -2279.37, "T", "SMD", "GND", "GND", "R", 55.51, 53.15, 0, 270],
		[23, "22pFN1_1", 6651.05, -2279.16, "T", "SMD", "GND", "GND", "R", 55.51, 53.15, 0, 90],
		[24, "22pFN1_2", 6651.05, -2200.42, "T", "SMD", "CHXI", "", "R", 55.51, 53.15, 0, 90],
		[25, "32.768kHz_1", 9115.32, -1935, "T", "DIP", "$1N1081", "", "C", 31.5, 31.5, 19.69, 0],
		[26, "32.768kHz_1", 9115.32, -1935, "B", "DIP", "$1N1081", "", "C", 31.5, 31.5, 19.69, 0],
		[27, "32.768kHz_2", 9154.68, -1935, "T", "DIP", "$1N1077", "", "C", 31.5, 31.5, 19.69, 0],
		[28, "32.768kHz_2", 9154.68, -1935, "B", "DIP", "$1N1077", "", "C", 31.5, 31.5, 19.69, 0],
		[29, "100nF_1", 6850.75, -2279.61, "T", "SMD", "$1N10528", "", "R", 55.51, 53.15, 0, 90],
		[30, "100nF_2", 6850.75, -2200.87, "T", "SMD", "ATRS", "", "R", 55.51, 53.15, 0, 90],
		[31, "100R_1", 9133.11, -2515, "T", "SMD", "$1N28572", "", "R", 44.59, 54.21, 0, 0],
		[32, "100R_2", 9211.85, -2515, "T", "SMD", "$1N28524", "", "R", 44.59, 54.21, 0, 0],
		[33, "ATMEGA328P-PU_1", 7640, -2742.48, "T", "DIP", "ATRS", "", "R", 59.05, 59.05, 35.43, 0],
		[34, "ATMEGA328P-PU_1", 7640, -2742.48, "B", "DIP", "ATRS", "", "R", 59.05, 59.05, 35.43, 0],
		[35, "ATMEGA328P-PU_2", 7740, -2742.48, "T", "DIP", "ATRX", "", "C", 59.05, 59.05, 35.43, 0],
		[36, "ATMEGA328P-PU_2", 7740, -2742.48, "B", "DIP", "ATRX", "", "C", 59.05, 59.05, 35.43, 0],
		[37, "ATMEGA328P-PU_3", 7840, -2742.48, "T", "DIP", "ATTX", "", "C", 59.05, 59.05, 35.43, 0],
		[38, "ATMEGA328P-PU_3", 7840, -2742.48, "B", "DIP", "ATTX", "", "C", 59.05, 59.05, 35.43, 0],
		[39, "ATMEGA328P-PU_4", 7940, -2742.48, "T", "DIP", "D2", "", "C", 59.05, 59.05, 35.43, 0],
		[40, "ATMEGA328P-PU_4", 7940, -2742.48, "B", "DIP", "D2", "", "C", 59.05, 59.05, 35.43, 0],
		[41, "ATMEGA328P-PU_5", 8040, -2742.48, "T", "DIP", "D3", "", "C", 59.05, 59.05, 35.43, 0],
		[42, "ATMEGA328P-PU_5", 8040, -2742.48, "B", "DIP", "D3", "", "C", 59.05, 59.05, 35.43, 0],
		[43, "ATMEGA328P-PU_6", 8140, -2742.48, "T", "DIP", "D4", "", "C", 59.05, 59.05, 35.43, 0],
		[44, "ATMEGA328P-PU_6", 8140, -2742.48, "B", "DIP", "D4", "", "C", 59.05, 59.05, 35.43, 0],
		[45, "ATMEGA328P-PU_7", 8240, -2742.48, "T", "DIP", "+5V", "", "C", 59.05, 59.05, 35.43, 0],
		[46, "ATMEGA328P-PU_7", 8240, -2742.48, "B", "DIP", "+5V", "", "C", 59.05, 59.05, 35.43, 0],
		[47, "ATMEGA328P-PU_8", 8340, -2742.48, "T", "DIP", "GND", "GND", "C", 59.05, 59.05, 35.43, 0],
		[48, "ATMEGA328P-PU_8", 8340, -2742.48, "B", "DIP", "GND", "GND", "C", 59.05, 59.05, 35.43, 0],
		[49, "ATMEGA328P-PU_9", 8440, -2742.48, "T", "DIP", "ATX1", "", "C", 59.05, 59.05, 35.43, 0],
		[50, "ATMEGA328P-PU_9", 8440, -2742.48, "B", "DIP", "ATX1", "", "C", 59.05, 59.05, 35.43, 0],
		[51, "ATMEGA328P-PU_10", 8540, -2742.48, "T", "DIP", "ATX2", "", "C", 59.05, 59.05, 35.43, 0],
		[52, "ATMEGA328P-PU_10", 8540, -2742.48, "B", "DIP", "ATX2", "", "C", 59.05, 59.05, 35.43, 0],
		[53, "ATMEGA328P-PU_11", 8640, -2742.48, "T", "DIP", "D5", "", "C", 59.05, 59.05, 35.43, 0],
		[54, "ATMEGA328P-PU_11", 8640, -2742.48, "B", "DIP", "D5", "", "C", 59.05, 59.05, 35.43, 0],
		[55, "ATMEGA328P-PU_12", 8740, -2742.48, "T", "DIP", "D6", "", "C", 59.05, 59.05, 35.43, 0],
		[56, "ATMEGA328P-PU_12", 8740, -2742.48, "B", "DIP", "D6", "", "C", 59.05, 59.05, 35.43, 0],
		[57, "ATMEGA328P-PU_13", 8840, -2742.48, "T", "DIP", "D7", "", "C", 59.05, 59.05, 35.43, 0],
		[58, "ATMEGA328P-PU_13", 8840, -2742.48, "B", "DIP", "D7", "", "C", 59.05, 59.05, 35.43, 0],
		[59, "ATMEGA328P-PU_14", 8940, -2742.48, "T", "DIP", "D8", "", "C", 59.05, 59.05, 35.43, 0],
		[60, "ATMEGA328P-PU_14", 8940, -2742.48, "B", "DIP", "D8", "", "C", 59.05, 59.05, 35.43, 0],
		[61, "ATMEGA328P-PU_15", 8940, -2427.52, "T", "DIP", "D9", "", "C", 59.05, 59.05, 35.43, 0],
		[62, "ATMEGA328P-PU_15", 8940, -2427.52, "B", "DIP", "D9", "", "C", 59.05, 59.05, 35.43, 0],
		[63, "ATMEGA328P-PU_16", 8840, -2427.52, "T", "DIP", "D10", "", "C", 59.05, 59.05, 35.43, 0],
		[64, "ATMEGA328P-PU_16", 8840, -2427.52, "B", "DIP", "D10", "", "C", 59.05, 59.05, 35.43, 0],
		[65, "ATMEGA328P-PU_17", 8740, -2427.52, "T", "DIP", "D11", "", "C", 59.05, 59.05, 35.43, 0],
		[66, "ATMEGA328P-PU_17", 8740, -2427.52, "B", "DIP", "D11", "", "C", 59.05, 59.05, 35.43, 0],
		[67, "ATMEGA328P-PU_18", 8640, -2427.52, "T", "DIP", "D12", "", "C", 59.05, 59.05, 35.43, 0],
		[68, "ATMEGA328P-PU_18", 8640, -2427.52, "B", "DIP", "D12", "", "C", 59.05, 59.05, 35.43, 0],
		[69, "ATMEGA328P-PU_19", 8540, -2427.52, "T", "DIP", "D13", "", "C", 59.05, 59.05, 35.43, 0],
		[70, "ATMEGA328P-PU_19", 8540, -2427.52, "B", "DIP", "D13", "", "C", 59.05, 59.05, 35.43, 0],
		[71, "ATMEGA328P-PU_20", 8440, -2427.52, "T", "DIP", "+5V", "", "C", 59.05, 59.05, 35.43, 0],
		[72, "ATMEGA328P-PU_20", 8440, -2427.52, "B", "DIP", "+5V", "", "C", 59.05, 59.05, 35.43, 0],
		[73, "ATMEGA328P-PU_21", 8340, -2427.52, "T", "DIP", "ATMEGA328P-PU_21", "", "C", 59.05, 59.05, 35.43, 0],
		[74, "ATMEGA328P-PU_21", 8340, -2427.52, "B", "DIP", "ATMEGA328P-PU_21", "", "C", 59.05, 59.05, 35.43, 0],
		[75, "ATMEGA328P-PU_22", 8240, -2427.52, "T", "DIP", "GND", "GND", "C", 59.05, 59.05, 35.43, 0],
		[76, "ATMEGA328P-PU_22", 8240, -2427.52, "B", "DIP", "GND", "GND", "C", 59.05, 59.05, 35.43, 0],
		[77, "ATMEGA328P-PU_23", 8140, -2427.52, "T", "DIP", "A0", "", "C", 59.05, 59.05, 35.43, 0],
		[78, "ATMEGA328P-PU_23", 8140, -2427.52, "B", "DIP", "A0", "", "C", 59.05, 59.05, 35.43, 0],
		[79, "ATMEGA328P-PU_24", 8040, -2427.52, "T", "DIP", "A1", "", "C", 59.05, 59.05, 35.43, 0],
		[80, "ATMEGA328P-PU_24", 8040, -2427.52, "B", "DIP", "A1", "", "C", 59.05, 59.05, 35.43, 0],
		[81, "ATMEGA328P-PU_25", 7940, -2427.52, "T", "DIP", "A2", "", "C", 59.05, 59.05, 35.43, 0],
		[82, "ATMEGA328P-PU_25", 7940, -2427.52, "B", "DIP", "A2", "", "C", 59.05, 59.05, 35.43, 0],
		[83, "ATMEGA328P-PU_26", 7840, -2427.52, "T", "DIP", "ATMEGA328P-PU_26", "", "C", 59.05, 59.05, 35.43, 0],
		[84, "ATMEGA328P-PU_26", 7840, -2427.52, "B", "DIP", "ATMEGA328P-PU_26", "", "C", 59.05, 59.05, 35.43, 0],
		[85, "ATMEGA328P-PU_27", 7740, -2427.52, "T", "DIP", "SDA", "", "C", 59.05, 59.05, 35.43, 0],
		[86, "ATMEGA328P-PU_27", 7740, -2427.52, "B", "DIP", "SDA", "", "C", 59.05, 59.05, 35.43, 0],
		[87, "ATMEGA328P-PU_28", 7640, -2427.52, "T", "DIP", "SCL", "", "C", 59.05, 59.05, 35.43, 0],
		[88, "ATMEGA328P-PU_28", 7640, -2427.52, "B", "DIP", "SCL", "", "C", 59.05, 59.05, 35.43, 0],
		[89, "B1_1", 9391.31, -2325, "T", "DIP", "GND", "GND", "C", 70.87, 70.87, 47.24, 0],
		[90, "B1_1", 9391.31, -2325, "B", "DIP", "GND", "GND", "C", 70.87, 70.87, 47.24, 0],
		[91, "B1_2", 10178.69, -2325, "T", "DIP", "$1N28524", "", "C", 70.87, 70.87, 47.24, 0],
		[92, "B1_2", 10178.69, -2325, "B", "DIP", "$1N28524", "", "C", 70.87, 70.87, 47.24, 0],
		[93, "CH340G_1", 6687.3, -2405, "T", "SMD", "GND", "GND", "O", 23.7, 77.6, 0, 270],
		[94, "CH340G_2", 6687.3, -2455, "T", "SMD", "ATRX", "", "O", 23.7, 77.6, 0, 270],
		[95, "CH340G_3", 6687.3, -2505, "T", "SMD", "ATTX", "", "O", 23.7, 77.6, 0, 270],
		[96, "CH340G_4", 6687.3, -2555, "T", "SMD", "CH340G_4", "", "O", 23.7, 77.6, 0, 270],
		[97, "CH340G_5", 6687.3, -2605, "T", "SMD", "CHD+", "", "O", 23.7, 77.6, 0, 270],
		[98, "CH340G_6", 6687.3, -2655, "T", "SMD", "CHD-", "", "O", 23.7, 77.6, 0, 270],
		[99, "CH340G_7", 6687.3, -2705, "T", "SMD", "CHXI", "", "O", 23.7, 77.6, 0, 270],
		[100, "CH340G_8", 6687.3, -2755, "T", "SMD", "CHXO", "", "O", 23.7, 77.6, 0, 270],
		[101, "CH340G_9", 6902.7, -2755, "T", "SMD", "CH340G_9", "", "O", 23.7, 77.6, 0, 270],
		[102, "CH340G_10", 6902.7, -2705, "T", "SMD", "CH340G_10", "", "O", 23.7, 77.6, 0, 270],
		[103, "CH340G_11", 6902.7, -2655, "T", "SMD", "CH340G_11", "", "O", 23.7, 77.6, 0, 270],
		[104, "CH340G_12", 6902.7, -2605, "T", "SMD", "CH340G_12", "", "O", 23.7, 77.6, 0, 270],
		[105, "CH340G_13", 6902.7, -2555, "T", "SMD", "$1N10528", "", "O", 23.7, 77.6, 0, 270],
		[106, "CH340G_14", 6902.7, -2505, "T", "SMD", "CH340G_14", "", "O", 23.7, 77.6, 0, 270],
		[107, "CH340G_15", 6902.7, -2455, "T", "SMD", "CH340G_15", "", "O", 23.7, 77.6, 0, 270],
		[108, "CH340G_16", 6902.7, -2405, "T", "SMD", "+5V", "", "O", 23.7, 77.6, 0, 270],
		[109, "PCF8563T_1", 7173.5, -2605, "T", "SMD", "$1N1081", "", "O", 22.38, 76.78, 0, 270],
		[110, "PCF8563T_2", 7173.5, -2655, "T", "SMD", "$1N1077", "", "O", 22.38, 76.78, 0, 270],
		[111, "PCF8563T_3", 7173.5, -2705, "T", "SMD", "PCF8563T_3", "", "O", 22.38, 76.78, 0, 270],
		[112, "PCF8563T_4", 7173.5, -2755, "T", "SMD", "GND", "GND", "O", 22.38, 76.78, 0, 270],
		[113, "PCF8563T_5", 7386.5, -2755, "T", "SMD", "$1N1492", "", "O", 22.38, 76.78, 0, 270],
		[114, "PCF8563T_6", 7386.5, -2705, "T", "SMD", "$1N1494", "", "O", 22.38, 76.78, 0, 270],
		[115, "PCF8563T_7", 7386.5, -2655, "T", "SMD", "PCF8563T_7", "", "O", 22.38, 76.78, 0, 270],
		[116, "PCF8563T_8", 7386.5, -2605, "T", "SMD", "$1N22010", "", "O", 22.38, 76.78, 0, 270],
		[117, "SCREEN-1_1", 7108.18, -895.96, "T", "DIP", "+5V", "", "O", 57.56, 71.95, 31.5, 0],
		[118, "SCREEN-1_1", 7108.18, -895.96, "B", "DIP", "+5V", "", "O", 57.56, 71.95, 31.5, 0],
		[119, "SCREEN-1_2", 7208.18, -895.96, "T", "DIP", "+5V", "", "O", 57.56, 71.95, 31.5, 0],
		[120, "SCREEN-1_2", 7208.18, -895.96, "B", "DIP", "+5V", "", "O", 57.56, 71.95, 31.5, 0],
		[121, "SCREEN-1_3", 7308.18, -895.96, "T", "DIP", "GND", "GND", "O", 57.56, 71.95, 31.5, 0],
		[122, "SCREEN-1_3", 7308.18, -895.96, "B", "DIP", "GND", "GND", "O", 57.56, 71.95, 31.5, 0],
		[123, "SCREEN-1_4", 7408.18, -895.96, "T", "DIP", "GND", "GND", "O", 57.56, 71.95, 31.5, 0],
		[124, "SCREEN-1_4", 7408.18, -895.96, "B", "DIP", "GND", "GND", "O", 57.56, 71.95, 31.5, 0],
		[125, "SCREEN-1_5", 7508.18, -895.96, "T", "DIP", "A0", "", "O", 57.56, 71.95, 31.5, 0],
		[126, "SCREEN-1_5", 7508.18, -895.96, "B", "DIP", "A0", "", "O", 57.56, 71.95, 31.5, 0],
		[127, "SCREEN-1_6", 7608.18, -895.96, "T", "DIP", "+5V", "", "O", 57.56, 71.95, 31.5, 0],
		[128, "SCREEN-1_6", 7608.18, -895.96, "B", "DIP", "+5V", "", "O", 57.56, 71.95, 31.5, 0],
		[129, "SCREEN-1_7", 7708.18, -895.96, "T", "DIP", "A1", "", "O", 57.56, 71.95, 31.5, 0],
		[130, "SCREEN-1_7", 7708.18, -895.96, "B", "DIP", "A1", "", "O", 57.56, 71.95, 31.5, 0],
		[131, "SCREEN-1_8", 7808.18, -895.96, "T", "DIP", "A2", "", "O", 57.56, 71.95, 31.5, 0],
		[132, "SCREEN-1_8", 7808.18, -895.96, "B", "DIP", "A2", "", "O", 57.56, 71.95, 31.5, 0],
		[133, "SCREEN-1_9", 7908.18, -895.96, "T", "DIP", "D2", "", "O", 57.56, 71.95, 31.5, 0],
		[134, "SCREEN-1_9", 7908.18, -895.96, "B", "DIP", "D2", "", "O", 57.56, 71.95, 31.5, 0],
		[135, "SCREEN-1_10", 8008.18, -895.96, "T", "DIP", "SCREEN-1_10", "", "O", 57.56, 71.95, 31.5, 0],
		[136, "SCREEN-1_10", 8008.18, -895.96, "B", "DIP", "SCREEN-1_10", "", "O", 57.56, 71.95, 31.5, 0],
		[137, "SCREEN-1_11", 8108.18, -895.96, "T", "DIP", "SCREEN-1_11", "", "O", 57.56, 71.95, 31.5, 0],
		[138, "SCREEN-1_11", 8108.18, -895.96, "B", "DIP", "SCREEN-1_11", "", "O", 57.56, 71.95, 31.5, 0],
		[139, "SCREEN-1_12", 8108.18, -295.96, "T", "DIP", "GND", "GND", "O", 57.56, 71.95, 31.5, 0],
		[140, "SCREEN-1_12", 8108.18, -295.96, "B", "DIP", "GND", "GND", "O", 57.56, 71.95, 31.5, 0],
		[141, "SCREEN-1_13", 8008.18, -295.96, "T", "DIP", "SCREEN-1_13", "", "O", 57.56, 71.95, 31.5, 0],
		[142, "SCREEN-1_13", 8008.18, -295.96, "B", "DIP", "SCREEN-1_13", "", "O", 57.56, 71.95, 31.5, 0],
		[143, "SCREEN-1_14", 7908.18, -295.96, "T", "DIP", "+5V", "", "O", 57.56, 71.95, 31.5, 0],
		[144, "SCREEN-1_14", 7908.18, -295.96, "B", "DIP", "+5V", "", "O", 57.56, 71.95, 31.5, 0],
		[145, "SCREEN-1_15", 7808.18, -295.96, "T", "DIP", "SCREEN-1_15", "", "O", 57.56, 71.95, 31.5, 0],
		[146, "SCREEN-1_15", 7808.18, -295.96, "B", "DIP", "SCREEN-1_15", "", "O", 57.56, 71.95, 31.5, 0],
		[147, "SCREEN-1_16", 7708.18, -295.96, "T", "DIP", "D7", "", "O", 57.56, 71.95, 31.5, 0],
		[148, "SCREEN-1_16", 7708.18, -295.96, "B", "DIP", "D7", "", "O", 57.56, 71.95, 31.5, 0],
		[149, "SCREEN-1_17", 7608.18, -295.96, "T", "DIP", "D8", "", "O", 57.56, 71.95, 31.5, 0],
		[150, "SCREEN-1_17", 7608.18, -295.96, "B", "DIP", "D8", "", "O", 57.56, 71.95, 31.5, 0],
		[151, "SCREEN-1_18", 7508.18, -295.96, "T", "DIP", "D9", "", "O", 57.56, 71.95, 31.5, 0],
		[152, "SCREEN-1_18", 7508.18, -295.96, "B", "DIP", "D9", "", "O", 57.56, 71.95, 31.5, 0],
		[153, "SCREEN-1_19", 7408.18, -295.96, "T", "DIP", "D10", "", "O", 57.56, 71.95, 31.5, 0],
		[154, "SCREEN-1_19", 7408.18, -295.96, "B", "DIP", "D10", "", "O", 57.56, 71.95, 31.5, 0],
		[155, "SCREEN-1_20", 7308.18, -295.96, "T", "DIP", "D11", "", "O", 57.56, 71.95, 31.5, 0],
		[156, "SCREEN-1_20", 7308.18, -295.96, "B", "DIP", "D11", "", "O", 57.56, 71.95, 31.5, 0],
		[157, "SCREEN-1_21", 7208.18, -295.96, "T", "DIP", "D12", "", "O", 57.56, 71.95, 31.5, 0],
		[158, "SCREEN-1_21", 7208.18, -295.96, "B", "DIP", "D12", "", "O", 57.56, 71.95, 31.5, 0],
		[159, "SCREEN-1_22", 7108.18, -295.96, "T", "DIP", "D13", "", "O", 57.56, 71.95, 31.5, 0],
		[160, "SCREEN-1_22", 7108.18, -295.96, "B", "DIP", "D13", "", "O", 57.56, 71.95, 31.5, 0],
		[161, "SCREEN-2_1", 8447.86, -895.96, "T", "DIP", "+5V", "", "O", 57.56, 71.95, 31.5, 0],
		[162, "SCREEN-2_1", 8447.86, -895.96, "B", "DIP", "+5V", "", "O", 57.56, 71.95, 31.5, 0],
		[163, "SCREEN-2_2", 8547.86, -895.96, "T", "DIP", "+5V", "", "O", 57.56, 71.95, 31.5, 0],
		[164, "SCREEN-2_2", 8547.86, -895.96, "B", "DIP", "+5V", "", "O", 57.56, 71.95, 31.5, 0],
		[165, "SCREEN-2_3", 8647.86, -895.96, "T", "DIP", "GND", "GND", "O", 57.56, 71.95, 31.5, 0],
		[166, "SCREEN-2_3", 8647.86, -895.96, "B", "DIP", "GND", "GND", "O", 57.56, 71.95, 31.5, 0],
		[167, "SCREEN-2_4", 8747.86, -895.96, "T", "DIP", "GND", "GND", "O", 57.56, 71.95, 31.5, 0],
		[168, "SCREEN-2_4", 8747.86, -895.96, "B", "DIP", "GND", "GND", "O", 57.56, 71.95, 31.5, 0],
		[169, "SCREEN-2_5", 8847.86, -895.96, "T", "DIP", "A0", "", "O", 57.56, 71.95, 31.5, 0],
		[170, "SCREEN-2_5", 8847.86, -895.96, "B", "DIP", "A0", "", "O", 57.56, 71.95, 31.5, 0],
		[171, "SCREEN-2_6", 8947.86, -895.96, "T", "DIP", "+5V", "", "O", 57.56, 71.95, 31.5, 0],
		[172, "SCREEN-2_6", 8947.86, -895.96, "B", "DIP", "+5V", "", "O", 57.56, 71.95, 31.5, 0],
		[173, "SCREEN-2_7", 9047.86, -895.96, "T", "DIP", "A1", "", "O", 57.56, 71.95, 31.5, 0],
		[174, "SCREEN-2_7", 9047.86, -895.96, "B", "DIP", "A1", "", "O", 57.56, 71.95, 31.5, 0],
		[175, "SCREEN-2_8", 9147.86, -895.96, "T", "DIP", "A2", "", "O", 57.56, 71.95, 31.5, 0],
		[176, "SCREEN-2_8", 9147.86, -895.96, "B", "DIP", "A2", "", "O", 57.56, 71.95, 31.5, 0],
		[177, "SCREEN-2_9", 9247.86, -895.96, "T", "DIP", "D3", "", "O", 57.56, 71.95, 31.5, 0],
		[178, "SCREEN-2_9", 9247.86, -895.96, "B", "DIP", "D3", "", "O", 57.56, 71.95, 31.5, 0],
		[179, "SCREEN-2_10", 9347.86, -895.96, "T", "DIP", "SCREEN-2_10", "", "O", 57.56, 71.95, 31.5, 0],
		[180, "SCREEN-2_10", 9347.86, -895.96, "B", "DIP", "SCREEN-2_10", "", "O", 57.56, 71.95, 31.5, 0],
		[181, "SCREEN-2_11", 9447.86, -895.96, "T", "DIP", "SCREEN-2_11", "", "O", 57.56, 71.95, 31.5, 0],
		[182, "SCREEN-2_11", 9447.86, -895.96, "B", "DIP", "SCREEN-2_11", "", "O", 57.56, 71.95, 31.5, 0],
		[183, "SCREEN-2_12", 9447.86, -295.96, "T", "DIP", "GND", "GND", "O", 57.56, 71.95, 31.5, 0],
		[184, "SCREEN-2_12", 9447.86, -295.96, "B", "DIP", "GND", "GND", "O", 57.56, 71.95, 31.5, 0],
		[185, "SCREEN-2_13", 9347.86, -295.96, "T", "DIP", "SCREEN-2_13", "", "O", 57.56, 71.95, 31.5, 0],
		[186, "SCREEN-2_13", 9347.86, -295.96, "B", "DIP", "SCREEN-2_13", "", "O", 57.56, 71.95, 31.5, 0],
		[187, "SCREEN-2_14", 9247.86, -295.96, "T", "DIP", "+5V", "", "O", 57.56, 71.95, 31.5, 0],
		[188, "SCREEN-2_14", 9247.86, -295.96, "B", "DIP", "+5V", "", "O", 57.56, 71.95, 31.5, 0],
		[189, "SCREEN-2_15", 9147.86, -295.96, "T", "DIP", "SCREEN-2_15", "", "O", 57.56, 71.95, 31.5, 0],
		[190, "SCREEN-2_15", 9147.86, -295.96, "B", "DIP", "SCREEN-2_15", "", "O", 57.56, 71.95, 31.5, 0],
		[191, "SCREEN-2_16", 9047.86, -295.96, "T", "DIP", "D7", "", "O", 57.56, 71.95, 31.5, 0],
		[192, "SCREEN-2_16", 9047.86, -295.96, "B", "DIP", "D7", "", "O", 57.56, 71.95, 31.5, 0],
		[193, "SCREEN-2_17", 8947.86, -295.96, "T", "DIP", "D8", "", "O", 57.56, 71.95, 31.5, 0],
		[194, "SCREEN-2_17", 8947.86, -295.96, "B", "DIP", "D8", "", "O", 57.56, 71.95, 31.5, 0],
		[195, "SCREEN-2_18", 8847.86, -295.96, "T", "DIP", "D9", "", "O", 57.56, 71.95, 31.5, 0],
		[196, "SCREEN-2_18", 8847.86, -295.96, "B", "DIP", "D9", "", "O", 57.56, 71.95, 31.5, 0],
		[197, "SCREEN-2_19", 8747.86, -295.96, "T", "DIP", "D10", "", "O", 57.56, 71.95, 31.5, 0],
		[198, "SCREEN-2_19", 8747.86, -295.96, "B", "DIP", "D10", "", "O", 57.56, 71.95, 31.5, 0],
		[199, "SCREEN-2_20", 8647.86, -295.96, "T", "DIP", "D11", "", "O", 57.56, 71.95, 31.5, 0],
		[200, "SCREEN-2_20", 8647.86, -295.96, "B", "DIP", "D11", "", "O", 57.56, 71.95, 31.5, 0],
		[201, "SCREEN-2_21", 8547.86, -295.96, "T", "DIP", "D12", "", "O", 57.56, 71.95, 31.5, 0],
		[202, "SCREEN-2_21", 8547.86, -295.96, "B", "DIP", "D12", "", "O", 57.56, 71.95, 31.5, 0],
		[203, "SCREEN-2_22", 8447.86, -295.96, "T", "DIP", "D13", "", "O", 57.56, 71.95, 31.5, 0],
		[204, "SCREEN-2_22", 8447.86, -295.96, "B", "DIP", "D13", "", "O", 57.56, 71.95, 31.5, 0],
		[205, "SCREEN-3_1", 6442.55, -1730.96, "T", "DIP", "+5V", "", "O", 57.56, 71.95, 31.5, 0],
		[206, "SCREEN-3_1", 6442.55, -1730.96, "B", "DIP", "+5V", "", "O", 57.56, 71.95, 31.5, 0],
		[207, "SCREEN-3_2", 6542.55, -1730.96, "T", "DIP", "+5V", "", "O", 57.56, 71.95, 31.5, 0],
		[208, "SCREEN-3_2", 6542.55, -1730.96, "B", "DIP", "+5V", "", "O", 57.56, 71.95, 31.5, 0],
		[209, "SCREEN-3_3", 6642.55, -1730.96, "T", "DIP", "GND", "GND", "O", 57.56, 71.95, 31.5, 0],
		[210, "SCREEN-3_3", 6642.55, -1730.96, "B", "DIP", "GND", "GND", "O", 57.56, 71.95, 31.5, 0],
		[211, "SCREEN-3_4", 6742.55, -1730.96, "T", "DIP", "GND", "GND", "O", 57.56, 71.95, 31.5, 0],
		[212, "SCREEN-3_4", 6742.55, -1730.96, "B", "DIP", "GND", "GND", "O", 57.56, 71.95, 31.5, 0],
		[213, "SCREEN-3_5", 6842.55, -1730.96, "T", "DIP", "A0", "", "O", 57.56, 71.95, 31.5, 0],
		[214, "SCREEN-3_5", 6842.55, -1730.96, "B", "DIP", "A0", "", "O", 57.56, 71.95, 31.5, 0],
		[215, "SCREEN-3_6", 6942.55, -1730.96, "T", "DIP", "+5V", "", "O", 57.56, 71.95, 31.5, 0],
		[216, "SCREEN-3_6", 6942.55, -1730.96, "B", "DIP", "+5V", "", "O", 57.56, 71.95, 31.5, 0],
		[217, "SCREEN-3_7", 7042.55, -1730.96, "T", "DIP", "A1", "", "O", 57.56, 71.95, 31.5, 0],
		[218, "SCREEN-3_7", 7042.55, -1730.96, "B", "DIP", "A1", "", "O", 57.56, 71.95, 31.5, 0],
		[219, "SCREEN-3_8", 7142.55, -1730.96, "T", "DIP", "A2", "", "O", 57.56, 71.95, 31.5, 0],
		[220, "SCREEN-3_8", 7142.55, -1730.96, "B", "DIP", "A2", "", "O", 57.56, 71.95, 31.5, 0],
		[221, "SCREEN-3_9", 7242.55, -1730.96, "T", "DIP", "D4", "", "O", 57.56, 71.95, 31.5, 0],
		[222, "SCREEN-3_9", 7242.55, -1730.96, "B", "DIP", "D4", "", "O", 57.56, 71.95, 31.5, 0],
		[223, "SCREEN-3_10", 7342.55, -1730.96, "T", "DIP", "SCREEN-3_10", "", "O", 57.56, 71.95, 31.5, 0],
		[224, "SCREEN-3_10", 7342.55, -1730.96, "B", "DIP", "SCREEN-3_10", "", "O", 57.56, 71.95, 31.5, 0],
		[225, "SCREEN-3_11", 7442.55, -1730.96, "T", "DIP", "SCREEN-3_11", "", "O", 57.56, 71.95, 31.5, 0],
		[226, "SCREEN-3_11", 7442.55, -1730.96, "B", "DIP", "SCREEN-3_11", "", "O", 57.56, 71.95, 31.5, 0],
		[227, "SCREEN-3_12", 7442.55, -1130.96, "T", "DIP", "GND", "GND", "O", 57.56, 71.95, 31.5, 0],
		[228, "SCREEN-3_12", 7442.55, -1130.96, "B", "DIP", "GND", "GND", "O", 57.56, 71.95, 31.5, 0],
		[229, "SCREEN-3_13", 7342.55, -1130.96, "T", "DIP", "SCREEN-3_13", "", "O", 57.56, 71.95, 31.5, 0],
		[230, "SCREEN-3_13", 7342.55, -1130.96, "B", "DIP", "SCREEN-3_13", "", "O", 57.56, 71.95, 31.5, 0],
		[231, "SCREEN-3_14", 7242.55, -1130.96, "T", "DIP", "+5V", "", "O", 57.56, 71.95, 31.5, 0],
		[232, "SCREEN-3_14", 7242.55, -1130.96, "B", "DIP", "+5V", "", "O", 57.56, 71.95, 31.5, 0],
		[233, "SCREEN-3_15", 7142.55, -1130.96, "T", "DIP", "SCREEN-3_15", "", "O", 57.56, 71.95, 31.5, 0],
		[234, "SCREEN-3_15", 7142.55, -1130.96, "B", "DIP", "SCREEN-3_15", "", "O", 57.56, 71.95, 31.5, 0],
		[235, "SCREEN-3_16", 7042.55, -1130.96, "T", "DIP", "D7", "", "O", 57.56, 71.95, 31.5, 0],
		[236, "SCREEN-3_16", 7042.55, -1130.96, "B", "DIP", "D7", "", "O", 57.56, 71.95, 31.5, 0],
		[237, "SCREEN-3_17", 6942.55, -1130.96, "T", "DIP", "D8", "", "O", 57.56, 71.95, 31.5, 0],
		[238, "SCREEN-3_17", 6942.55, -1130.96, "B", "DIP", "D8", "", "O", 57.56, 71.95, 31.5, 0],
		[239, "SCREEN-3_18", 6842.55, -1130.96, "T", "DIP", "D9", "", "O", 57.56, 71.95, 31.5, 0],
		[240, "SCREEN-3_18", 6842.55, -1130.96, "B", "DIP", "D9", "", "O", 57.56, 71.95, 31.5, 0],
		[241, "SCREEN-3_19", 6742.55, -1130.96, "T", "DIP", "D10", "", "O", 57.56, 71.95, 31.5, 0],
		[242, "SCREEN-3_19", 6742.55, -1130.96, "B", "DIP", "D10", "", "O", 57.56, 71.95, 31.5, 0],
		[243, "SCREEN-3_20", 6642.55, -1130.96, "T", "DIP", "D11", "", "O", 57.56, 71.95, 31.5, 0],
		[244, "SCREEN-3_20", 6642.55, -1130.96, "B", "DIP", "D11", "", "O", 57.56, 71.95, 31.5, 0],
		[245, "SCREEN-3_21", 6542.55, -1130.96, "T", "DIP", "D12", "", "O", 57.56, 71.95, 31.5, 0],
		[246, "SCREEN-3_21", 6542.55, -1130.96, "B", "DIP", "D12", "", "O", 57.56, 71.95, 31.5, 0],
		[247, "SCREEN-3_22", 6442.55, -1130.96, "T", "DIP", "D13", "", "O", 57.56, 71.95, 31.5, 0],
		[248, "SCREEN-3_22", 6442.55, -1130.96, "B", "DIP", "D13", "", "O", 57.56, 71.95, 31.5, 0],
		[249, "SCREEN-4_1", 7773.18, -1733.22, "T", "DIP", "+5V", "", "O", 57.56, 71.95, 31.5, 0],
		[250, "SCREEN-4_1", 7773.18, -1733.22, "B", "DIP", "+5V", "", "O", 57.56, 71.95, 31.5, 0],
		[251, "SCREEN-4_2", 7873.18, -1733.22, "T", "DIP", "+5V", "", "O", 57.56, 71.95, 31.5, 0],
		[252, "SCREEN-4_2", 7873.18, -1733.22, "B", "DIP", "+5V", "", "O", 57.56, 71.95, 31.5, 0],
		[253, "SCREEN-4_3", 7973.18, -1733.22, "T", "DIP", "GND", "GND", "O", 57.56, 71.95, 31.5, 0],
		[254, "SCREEN-4_3", 7973.18, -1733.22, "B", "DIP", "GND", "GND", "O", 57.56, 71.95, 31.5, 0],
		[255, "SCREEN-4_4", 8073.18, -1733.22, "T", "DIP", "GND", "GND", "O", 57.56, 71.95, 31.5, 0],
		[256, "SCREEN-4_4", 8073.18, -1733.22, "B", "DIP", "GND", "GND", "O", 57.56, 71.95, 31.5, 0],
		[257, "SCREEN-4_5", 8173.18, -1733.22, "T", "DIP", "A0", "", "O", 57.56, 71.95, 31.5, 0],
		[258, "SCREEN-4_5", 8173.18, -1733.22, "B", "DIP", "A0", "", "O", 57.56, 71.95, 31.5, 0],
		[259, "SCREEN-4_6", 8273.18, -1733.22, "T", "DIP", "+5V", "", "O", 57.56, 71.95, 31.5, 0],
		[260, "SCREEN-4_6", 8273.18, -1733.22, "B", "DIP", "+5V", "", "O", 57.56, 71.95, 31.5, 0],
		[261, "SCREEN-4_7", 8373.18, -1733.22, "T", "DIP", "A1", "", "O", 57.56, 71.95, 31.5, 0],
		[262, "SCREEN-4_7", 8373.18, -1733.22, "B", "DIP", "A1", "", "O", 57.56, 71.95, 31.5, 0],
		[263, "SCREEN-4_8", 8473.18, -1733.22, "T", "DIP", "A2", "", "O", 57.56, 71.95, 31.5, 0],
		[264, "SCREEN-4_8", 8473.18, -1733.22, "B", "DIP", "A2", "", "O", 57.56, 71.95, 31.5, 0],
		[265, "SCREEN-4_9", 8573.18, -1733.22, "T", "DIP", "D5", "", "O", 57.56, 71.95, 31.5, 0],
		[266, "SCREEN-4_9", 8573.18, -1733.22, "B", "DIP", "D5", "", "O", 57.56, 71.95, 31.5, 0],
		[267, "SCREEN-4_10", 8673.18, -1733.22, "T", "DIP", "SCREEN-4_10", "", "O", 57.56, 71.95, 31.5, 0],
		[268, "SCREEN-4_10", 8673.18, -1733.22, "B", "DIP", "SCREEN-4_10", "", "O", 57.56, 71.95, 31.5, 0],
		[269, "SCREEN-4_11", 8773.18, -1733.22, "T", "DIP", "SCREEN-4_11", "", "O", 57.56, 71.95, 31.5, 0],
		[270, "SCREEN-4_11", 8773.18, -1733.22, "B", "DIP", "SCREEN-4_11", "", "O", 57.56, 71.95, 31.5, 0],
		[271, "SCREEN-4_12", 8773.18, -1133.22, "T", "DIP", "GND", "GND", "O", 57.56, 71.95, 31.5, 0],
		[272, "SCREEN-4_12", 8773.18, -1133.22, "B", "DIP", "GND", "GND", "O", 57.56, 71.95, 31.5, 0],
		[273, "SCREEN-4_13", 8673.18, -1133.22, "T", "DIP", "SCREEN-4_13", "", "O", 57.56, 71.95, 31.5, 0],
		[274, "SCREEN-4_13", 8673.18, -1133.22, "B", "DIP", "SCREEN-4_13", "", "O", 57.56, 71.95, 31.5, 0],
		[275, "SCREEN-4_14", 8573.18, -1133.22, "T", "DIP", "+5V", "", "O", 57.56, 71.95, 31.5, 0],
		[276, "SCREEN-4_14", 8573.18, -1133.22, "B", "DIP", "+5V", "", "O", 57.56, 71.95, 31.5, 0],
		[277, "SCREEN-4_15", 8473.18, -1133.22, "T", "DIP", "SCREEN-4_15", "", "O", 57.56, 71.95, 31.5, 0],
		[278, "SCREEN-4_15", 8473.18, -1133.22, "B", "DIP", "SCREEN-4_15", "", "O", 57.56, 71.95, 31.5, 0],
		[279, "SCREEN-4_16", 8373.18, -1133.22, "T", "DIP", "D7", "", "O", 57.56, 71.95, 31.5, 0],
		[280, "SCREEN-4_16", 8373.18, -1133.22, "B", "DIP", "D7", "", "O", 57.56, 71.95, 31.5, 0],
		[281, "SCREEN-4_17", 8273.18, -1133.22, "T", "DIP", "D8", "", "O", 57.56, 71.95, 31.5, 0],
		[282, "SCREEN-4_17", 8273.18, -1133.22, "B", "DIP", "D8", "", "O", 57.56, 71.95, 31.5, 0],
		[283, "SCREEN-4_18", 8173.18, -1133.22, "T", "DIP", "D9", "", "O", 57.56, 71.95, 31.5, 0],
		[284, "SCREEN-4_18", 8173.18, -1133.22, "B", "DIP", "D9", "", "O", 57.56, 71.95, 31.5, 0],
		[285, "SCREEN-4_19", 8073.18, -1133.22, "T", "DIP", "D10", "", "O", 57.56, 71.95, 31.5, 0],
		[286, "SCREEN-4_19", 8073.18, -1133.22, "B", "DIP", "D10", "", "O", 57.56, 71.95, 31.5, 0],
		[287, "SCREEN-4_20", 7973.18, -1133.22, "T", "DIP", "D11", "", "O", 57.56, 71.95, 31.5, 0],
		[288, "SCREEN-4_20", 7973.18, -1133.22, "B", "DIP", "D11", "", "O", 57.56, 71.95, 31.5, 0],
		[289, "SCREEN-4_21", 7873.18, -1133.22, "T", "DIP", "D12", "", "O", 57.56, 71.95, 31.5, 0],
		[290, "SCREEN-4_21", 7873.18, -1133.22, "B", "DIP", "D12", "", "O", 57.56, 71.95, 31.5, 0],
		[291, "SCREEN-4_22", 7773.18, -1133.22, "T", "DIP", "D13", "", "O", 57.56, 71.95, 31.5, 0],
		[292, "SCREEN-4_22", 7773.18, -1133.22, "B", "DIP", "D13", "", "O", 57.56, 71.95, 31.5, 0],
		[293, "SCREEN-5_1", 9102.86, -1733.22, "T", "DIP", "+5V", "", "O", 57.56, 71.95, 31.5, 0],
		[294, "SCREEN-5_1", 9102.86, -1733.22, "B", "DIP", "+5V", "", "O", 57.56, 71.95, 31.5, 0],
		[295, "SCREEN-5_2", 9202.86, -1733.22, "T", "DIP", "+5V", "", "O", 57.56, 71.95, 31.5, 0],
		[296, "SCREEN-5_2", 9202.86, -1733.22, "B", "DIP", "+5V", "", "O", 57.56, 71.95, 31.5, 0],
		[297, "SCREEN-5_3", 9302.86, -1733.22, "T", "DIP", "GND", "GND", "O", 57.56, 71.95, 31.5, 0],
		[298, "SCREEN-5_3", 9302.86, -1733.22, "B", "DIP", "GND", "GND", "O", 57.56, 71.95, 31.5, 0],
		[299, "SCREEN-5_4", 9402.86, -1733.22, "T", "DIP", "GND", "GND", "O", 57.56, 71.95, 31.5, 0],
		[300, "SCREEN-5_4", 9402.86, -1733.22, "B", "DIP", "GND", "GND", "O", 57.56, 71.95, 31.5, 0],
		[301, "SCREEN-5_5", 9502.86, -1733.22, "T", "DIP", "A0", "", "O", 57.56, 71.95, 31.5, 0],
		[302, "SCREEN-5_5", 9502.86, -1733.22, "B", "DIP", "A0", "", "O", 57.56, 71.95, 31.5, 0],
		[303, "SCREEN-5_6", 9602.86, -1733.22, "T", "DIP", "+5V", "", "O", 57.56, 71.95, 31.5, 0],
		[304, "SCREEN-5_6", 9602.86, -1733.22, "B", "DIP", "+5V", "", "O", 57.56, 71.95, 31.5, 0],
		[305, "SCREEN-5_7", 9702.86, -1733.22, "T", "DIP", "A1", "", "O", 57.56, 71.95, 31.5, 0],
		[306, "SCREEN-5_7", 9702.86, -1733.22, "B", "DIP", "A1", "", "O", 57.56, 71.95, 31.5, 0],
		[307, "SCREEN-5_8", 9802.86, -1733.22, "T", "DIP", "A2", "", "O", 57.56, 71.95, 31.5, 0],
		[308, "SCREEN-5_8", 9802.86, -1733.22, "B", "DIP", "A2", "", "O", 57.56, 71.95, 31.5, 0],
		[309, "SCREEN-5_9", 9902.86, -1733.22, "T", "DIP", "D6", "", "O", 57.56, 71.95, 31.5, 0],
		[310, "SCREEN-5_9", 9902.86, -1733.22, "B", "DIP", "D6", "", "O", 57.56, 71.95, 31.5, 0],
		[311, "SCREEN-5_10", 10002.86, -1733.22, "T", "DIP", "SCREEN-5_10", "", "O", 57.56, 71.95, 31.5, 0],
		[312, "SCREEN-5_10", 10002.86, -1733.22, "B", "DIP", "SCREEN-5_10", "", "O", 57.56, 71.95, 31.5, 0],
		[313, "SCREEN-5_11", 10102.86, -1733.22, "T", "DIP", "SCREEN-5_11", "", "O", 57.56, 71.95, 31.5, 0],
		[314, "SCREEN-5_11", 10102.86, -1733.22, "B", "DIP", "SCREEN-5_11", "", "O", 57.56, 71.95, 31.5, 0],
		[315, "SCREEN-5_12", 10102.86, -1133.22, "T", "DIP", "GND", "GND", "O", 57.56, 71.95, 31.5, 0],
		[316, "SCREEN-5_12", 10102.86, -1133.22, "B", "DIP", "GND", "GND", "O", 57.56, 71.95, 31.5, 0],
		[317, "SCREEN-5_13", 10002.86, -1133.22, "T", "DIP", "SCREEN-5_13", "", "O", 57.56, 71.95, 31.5, 0],
		[318, "SCREEN-5_13", 10002.86, -1133.22, "B", "DIP", "SCREEN-5_13", "", "O", 57.56, 71.95, 31.5, 0],
		[319, "SCREEN-5_14", 9902.86, -1133.22, "T", "DIP", "+5V", "", "O", 57.56, 71.95, 31.5, 0],
		[320, "SCREEN-5_14", 9902.86, -1133.22, "B", "DIP", "+5V", "", "O", 57.56, 71.95, 31.5, 0],
		[321, "SCREEN-5_15", 9802.86, -1133.22, "T", "DIP", "SCREEN-5_15", "", "O", 57.56, 71.95, 31.5, 0],
		[322, "SCREEN-5_15", 9802.86, -1133.22, "B", "DIP", "SCREEN-5_15", "", "O", 57.56, 71.95, 31.5, 0],
		[323, "SCREEN-5_16", 9702.86, -1133.22, "T", "DIP", "D7", "", "O", 57.56, 71.95, 31.5, 0],
		[324, "SCREEN-5_16", 9702.86, -1133.22, "B", "DIP", "D7", "", "O", 57.56, 71.95, 31.5, 0],
		[325, "SCREEN-5_17", 9602.86, -1133.22, "T", "DIP", "D8", "", "O", 57.56, 71.95, 31.5, 0],
		[326, "SCREEN-5_17", 9602.86, -1133.22, "B", "DIP", "D8", "", "O", 57.56, 71.95, 31.5, 0],
		[327, "SCREEN-5_18", 9502.86, -1133.22, "T", "DIP", "D9", "", "O", 57.56, 71.95, 31.5, 0],
		[328, "SCREEN-5_18", 9502.86, -1133.22, "B", "DIP", "D9", "", "O", 57.56, 71.95, 31.5, 0],
		[329, "SCREEN-5_19", 9402.86, -1133.22, "T", "DIP", "D10", "", "O", 57.56, 71.95, 31.5, 0],
		[330, "SCREEN-5_19", 9402.86, -1133.22, "B", "DIP", "D10", "", "O", 57.56, 71.95, 31.5, 0],
		[331, "SCREEN-5_20", 9302.86, -1133.22, "T", "DIP", "D11", "", "O", 57.56, 71.95, 31.5, 0],
		[332, "SCREEN-5_20", 9302.86, -1133.22, "B", "DIP", "D11", "", "O", 57.56, 71.95, 31.5, 0],
		[333, "SCREEN-5_21", 9202.86, -1133.22, "T", "DIP", "D12", "", "O", 57.56, 71.95, 31.5, 0],
		[334, "SCREEN-5_21", 9202.86, -1133.22, "B", "DIP", "D12", "", "O", 57.56, 71.95, 31.5, 0],
		[335, "SCREEN-5_22", 9102.86, -1133.22, "T", "DIP", "D13", "", "O", 57.56, 71.95, 31.5, 0],
		[336, "SCREEN-5_22", 9102.86, -1133.22, "B", "DIP", "D13", "", "O", 57.56, 71.95, 31.5, 0],
		[337, "SS14_1", 8841, -2207, "T", "SMD", "$1N22010", "", "R", 86.61, 66.93, 0, 90],
		[338, "SS14_2", 8841, -2005, "T", "SMD", "$1N28524", "", "R", 86.61, 66.93, 0, 90],
		[339, "SS14N1_1", 8540, -2206, "T", "SMD", "$1N22010", "", "R", 86.61, 66.93, 0, 90],
		[340, "SS14N1_2", 8540, -2004, "T", "SMD", "+5V", "", "R", 86.61, 66.93, 0, 90],
		[341, "Status LED_1", 9128.65, -2695, "T", "SMD", "$1N28572", "", "R", 39.37, 55.1, 0, 0],
		[342, "Status LED_2", 9211.35, -2695, "T", "SMD", "GND", "GND", "R", 39.37, 55.1, 0, 0],
		[343, "USBM_0", 6355.18, -2772.63, "T", "SMD", "GND", "GND", "R", 59.05, 74.8, 0, 270],
		[344, "USBM_0", 6355.18, -2477.37, "T", "SMD", "GND", "GND", "R", 59.05, 74.8, 0, 270],
		[345, "USBM_0", 6355.18, -2573.82, "T", "SMD", "GND", "GND", "R", 74.8, 74.8, 0, 270],
		[346, "USBM_0", 6355.18, -2676.18, "T", "SMD", "GND", "GND", "R", 74.8, 74.8, 0, 270],
		[347, "USBM_1", 6464.82, -2573.8, "T", "SMD", "+5V", "", "R", 53.15, 15.75, 0, 180],
		[348, "USBM_2", 6464.82, -2599.4, "T", "SMD", "CHD-", "", "R", 53.15, 15.75, 0, 180],
		[349, "USBM_3", 6464.82, -2625, "T", "SMD", "CHD+", "", "R", 53.15, 15.75, 0, 180],
		[350, "USBM_4", 6464.82, -2650.6, "T", "SMD", "USBM_4", "", "R", 53.15, 15.75, 0, 180],
		[351, "USBM_5", 6464.82, -2676.2, "T", "SMD", "GND", "GND", "R", 53.15, 15.75, 0, 180]
	]
}
}