{
"lengthUnit": "mil",
"components": {
	"fields": ["COMPONENT_NO", "COMPONENT_NAME", "LAYER", "X_COORDINATE", "Y_COORDINATE", "ANGLE"],
	"rows": [
		[1, "1.5MR", "T", 3149.16, -3525.43, 0],
		[2, "3V", "T", 5905, -3270, 0],
		[3, "3.7V", "T", 2450, -3160, 90],
		[4, "4.7kR", "T", 5268.84, -3648.49, 0],
		[5, "4.7kRN1", "T", 5270, -3440, 0],
		[6, "4.7uF", "T", 2454.48, -2834.7, 0],
		[7, "4.7uH", "T", 2850, -3245, 0],
		[8, "10kR", "T", 3227.23, -3290.55, 0],
		[9, "10uF", "T", 2925.12, -3685.43, 0],
		[10, "10uFN1", "T", 3226.49, -3090.43, 0],
		[11, "16MHz", "T", 4215, -3005, 0],
		[12, "22pF", "T", 3370, -3685, 0],
		[13, "22pFN1", "T", 3150.31, -3685.66, 0],
		[14, "32.768kHz", "T", 5155, -2860, 0],
		[15, "100nF", "T", 3220.61, -2903.18, 0],
		[16, "150R", "T", 2925, -3525, 0],
		[17, "470kR", "T", 3369.16, -3528.49, 0],
		[18, "ATMEGA328P-PU", "T", 4330, -3545, 180],
		[19, "CH340G", "T", 3640, -3030, 270],
		[20, "Display1", "T", 3635, -1235, 0],
		[21, "Display2", "T", 4975, -1235, 0],
		[22, "Display3", "T", 2945, -2075, 0],
		[23, "Display4", "T", 4305, -2075, 0],
		[24, "Display5", "T", 5665, -2075, 0],
		[25, "LED1", "T", 4655, -3005, 0],
		[26, "MCP16T-I/CHY", "T", 2850, -2920, 0],
		[27, "Micro-USB", "T", 2470, -3595, 270],
		[28, "PCF8563T", "T", 5000, -3160, 270]
	]
},
"pins": {
	"fields": ["PIN_NO", "PIN_NAME", "PIN_X", "PIN_Y", "LAYER", "PIN_TYPE", "NET_NAME", "NET_TYPE", "PAD_SHAPE", "PAD_SIZEX", "PAD_SIZEY", "HOLE_SIZE", "PAD_ANGLE"],
	"rows": [
		[1, "1.5MR_1", 3109.79, -3525.43, "T", "SMD", "$1N2150", "", "R", 44.59, 54.21, 0, 0],
		[2, "1.5MR_2", 3188.53, -3525.43, "T", "SMD", "+5V", "", "R", 44.59, 54.21, 0, 0],
		[3, "3V_1", 5511.31, -3270, "T", "DIP", "GND", "GND", "C", 70.87, 70.87, 47.24, 0],
		[4, "3V_1", 5511.31, -3270, "B", "DIP", "GND", "GND", "C", 70.87, 70.87, 47.24, 0],
		[5, "3V_2", 6298.69, -3270, "T", "DIP", "+5V", "", "C", 70.87, 70.87, 47.24, 0],
		[6, "3V_2", 6298.69, -3270, "B", "DIP", "+5V", "", "C", 70.87, 70.87, 47.24, 0],
		[7, "3.7V_1", 2450, -3210, "T", "DIP", "GND", "GND", "R", 66.93, 66.93, 39.37, 90],
		[8, "3.7V_1", 2450, -3210, "B", "DIP", "GND", "GND", "R", 66.93, 66.93, 39.37, 90],
		[9, "3.7V_2", 2450, -3110, "T", "DIP", "VCC", "", "C", 66.93, 66.93, 39.37, 90],
		[10, "3.7V_2", 2450, -3110, "B", "DIP", "VCC", "", "C", 66.93, 66.93, 39.37, 90],
		[11, "4.7kR_1", 5229.47, -3648.49, "T", "SMD", "SDA", "", "R", 44.59, 54.21, 0, 0],
		[12, "4.7kR_2", 5308.21, -3648.49, "T", "SMD", "$1N1492", "", "R", 44.59, 54.21, 0, 0],
		[13, "4.7kRN1_1", 5230.63, -3440, "T", "SMD", "SCL", "", "R", 44.59, 54.21, 0, 0],
		[14, "4.7kRN1_2", 5309.37, -3440, "T", "SMD", "$1N1494", "", "R", 44.59, 54.21, 0, 0],
		[15, "4.7uF_1", 2415.11, -2834.7, "T", "SMD", "GND", "GND", "R", 55.51, 53.15, 0, 0],
		[16, "4.7uF_2", 2493.85, -2834.7, "T", "SMD", "VCC", "", "R", 55.51, 53.15, 0, 0],
		[17, "4.7uH_1", 2799.21, -3245, "T", "SMD", "VCC", "", "R", 39.37, 141.73, 0, 0],
		[18, "4.7uH_2", 2900.79, -3245, "T", "SMD", "$1N2052", "", "R", 39.37, 141.73, 0, 0],
		[19, "10kR_1", 3187.86, -3290.55, "T", "SMD", "ATRS", "", "R", 44.59, 54.21, 0, 0],
		[20, "10kR_2", 3266.6, -3290.55, "T", "SMD", "+5V", "", "R", 44.59, 54.21, 0, 0],
		[21, "10uF_1", 2885.75, -3685.43, "T", "SMD", "+5V", "", "R", 55.51, 53.15, 0, 0],
		[22, "10uF_2", 2964.49, -3685.43, "T", "SMD", "GND", "GND", "R", 55.51, 53.15, 0, 0],
		[23, "10uFN1_1", 3187.12, -3090.43, "T", "SMD", "GND", "GND", "R", 55.51, 53.15, 0, 0],
		[24, "10uFN1_2", 3265.86, -3090.43, "T", "SMD", "+5V", "", "R", 55.51, 53.15, 0, 0],
		[25, "16MHz_1", 4120, -3005, "T", "DIP", "ATX2", "", "C", 47.7, 47.7, 32, 0],
		[26, "16MHz_1", 4120, -3005, "B", "DIP", "ATX2", "", "C", 47.7, 47.7, 32, 0],
		[27, "16MHz_2", 4310, -3005, "T", "DIP", "ATX1", "", "C", 47.7, 47.7, 32, 0],
		[28, "16MHz_2", 4310, -3005, "B", "DIP", "ATX1", "", "C", 47.7, 47.7, 32, 0],
		[29, "22pF_1", 3330.63, -3685, "T", "SMD", "ATX2", "", "R", 55.51, 53.15, 0, 0],
		[30, "22pF_2", 3409.37, -3685, "T", "SMD", "GND", "GND", "R", 55.51, 53.15, 0, 0],
		[31, "22pFN1_1", 3110.94, -3685.66, "T", "SMD", "GND", "GND", "R", 55.51, 53.15, 0, 0],
		[32, "22pFN1_2", 3189.68, -3685.66, "T", "SMD", "ATX1", "", "R", 55.51, 53.15, 0, 0],
		[33, "32.768kHz_1", 5155, -2840.32, "T", "DIP", "$1N1081", "", "C", 31.5, 31.5, 19.69, 270],
		[34, "32.768kHz_1", 5155, -2840.32, "B", "DIP", "$1N1081", "", "C", 31.5, 31.5, 19.69, 270],
		[35, "32.768kHz_2", 5155, -2879.68, "T", "DIP", "$1N1077", "", "C", 31.5, 31.5, 19.69, 270],
		[36, "32.768kHz_2", 5155, -2879.68, "B", "DIP", "$1N1077", "", "C", 31.5, 31.5, 19.69, 270],
		[37, "100nF_1", 3181.24, -2903.18, "T", "SMD", "$1N10528", "", "R", 55.51, 53.15, 0, 0],
		[38, "100nF_2", 3259.98, -2903.18, "T", "SMD", "ATRS", "", "R", 55.51, 53.15, 0, 0],
		[39, "150R_1", 2885.63, -3525, "T", "SMD", "$1N1376", "", "R", 44.59, 54.21, 0, 0],
		[40, "150R_2", 2964.37, -3525, "T", "SMD", "GND", "GND", "R", 44.59, 54.21, 0, 0],
		[41, "470kR_1", 3329.79, -3528.49, "T", "SMD", "GND", "GND", "R", 44.59, 54.21, 0, 0],
		[42, "470kR_2", 3408.53, -3528.49, "T", "SMD", "$1N2150", "", "R", 44.59, 54.21, 0, 0],
		[43, "ATMEGA328P-PU_1", 4980, -3387.52, "T", "DIP", "ATRS", "", "R", 59.05, 59.05, 35.43, 180],
		[44, "ATMEGA328P-PU_1", 4980, -3387.52, "B", "DIP", "ATRS", "", "R", 59.05, 59.05, 35.43, 180],
		[45, "ATMEGA328P-PU_2", 4880, -3387.52, "T", "DIP", "ATRX", "", "C", 59.05, 59.05, 35.43, 180],
		[46, "ATMEGA328P-PU_2", 4880, -3387.52, "B", "DIP", "ATRX", "", "C", 59.05, 59.05, 35.43, 180],
		[47, "ATMEGA328P-PU_3", 4780, -3387.52, "T", "DIP", "ATTX", "", "C", 59.05, 59.05, 35.43, 180],
		[48, "ATMEGA328P-PU_3", 4780, -3387.52, "B", "DIP", "ATTX", "", "C", 59.05, 59.05, 35.43, 180],
		[49, "ATMEGA328P-PU_4", 4680, -3387.52, "T", "DIP", "D2", "", "C", 59.05, 59.05, 35.43, 180],
		[50, "ATMEGA328P-PU_4", 4680, -3387.52, "B", "DIP", "D2", "", "C", 59.05, 59.05, 35.43, 180],
		[51, "ATMEGA328P-PU_5", 4580, -3387.52, "T", "DIP", "D3", "", "C", 59.05, 59.05, 35.43, 180],
		[52, "ATMEGA328P-PU_5", 4580, -3387.52, "B", "DIP", "D3", "", "C", 59.05, 59.05, 35.43, 180],
		[53, "ATMEGA328P-PU_6", 4480, -3387.52, "T", "DIP", "D4", "", "C", 59.05, 59.05, 35.43, 180],
		[54, "ATMEGA328P-PU_6", 4480, -3387.52, "B", "DIP", "D4", "", "C", 59.05, 59.05, 35.43, 180],
		[55, "ATMEGA328P-PU_7", 4380, -3387.52, "T", "DIP", "+5V", "", "C", 59.05, 59.05, 35.43, 180],
		[56, "ATMEGA328P-PU_7", 4380, -3387.52, "B", "DIP", "+5V", "", "C", 59.05, 59.05, 35.43, 180],
		[57, "ATMEGA328P-PU_8", 4280, -3387.52, "T", "DIP", "GND", "GND", "C", 59.05, 59.05, 35.43, 180],
		[58, "ATMEGA328P-PU_8", 4280, -3387.52, "B", "DIP", "GND", "GND", "C", 59.05, 59.05, 35.43, 180],
		[59, "ATMEGA328P-PU_9", 4180, -3387.52, "T", "DIP", "ATX1", "", "C", 59.05, 59.05, 35.43, 180],
		[60, "ATMEGA328P-PU_9", 4180, -3387.52, "B", "DIP", "ATX1", "", "C", 59.05, 59.05, 35.43, 180],
		[61, "ATMEGA328P-PU_10", 4080, -3387.52, "T", "DIP", "ATX2", "", "C", 59.05, 59.05, 35.43, 180],
		[62, "ATMEGA328P-PU_10", 4080, -3387.52, "B", "DIP", "ATX2", "", "C", 59.05, 59.05, 35.43, 180],
		[63, "ATMEGA328P-PU_11", 3980, -3387.52, "T", "DIP", "D5", "", "C", 59.05, 59.05, 35.43, 180],
		[64, "ATMEGA328P-PU_11", 3980, -3387.52, "B", "DIP", "D5", "", "C", 59.05, 59.05, 35.43, 180],
		[65, "ATMEGA328P-PU_12", 3880, -3387.52, "T", "DIP", "D6", "", "C", 59.05, 59.05, 35.43, 180],
		[66, "ATMEGA328P-PU_12", 3880, -3387.52, "B", "DIP", "D6", "", "C", 59.05, 59.05, 35.43, 180],
		[67, "ATMEGA328P-PU_13", 3780, -3387.52, "T", "DIP", "D7", "", "C", 59.05, 59.05, 35.43, 180],
		[68, "ATMEGA328P-PU_13", 3780, -3387.52, "B", "DIP", "D7", "", "C", 59.05, 59.05, 35.43, 180],
		[69, "ATMEGA328P-PU_14", 3680, -3387.52, "T", "DIP", "D8", "", "C", 59.05, 59.05, 35.43, 180],
		[70, "ATMEGA328P-PU_14", 3680, -3387.52, "B", "DIP", "D8", "", "C", 59.05, 59.05, 35.43, 180],
		[71, "ATMEGA328P-PU_15", 3680, -3702.48, "T", "DIP", "D9", "", "C", 59.05, 59.05, 35.43, 180],
		[72, "ATMEGA328P-PU_15", 3680, -3702.48, "B", "DIP", "D9", "", "C", 59.05, 59.05, 35.43, 180],
		[73, "ATMEGA328P-PU_16", 3780, -3702.48, "T", "DIP", "D10", "", "C", 59.05, 59.05, 35.43, 180],
		[74, "ATMEGA328P-PU_16", 3780, -3702.48, "B", "DIP", "D10", "", "C", 59.05, 59.05, 35.43, 180],
		[75, "ATMEGA328P-PU_17", 3880, -3702.48, "T", "DIP", "D11", "", "C", 59.05, 59.05, 35.43, 180],
		[76, "ATMEGA328P-PU_17", 3880, -3702.48, "B", "DIP", "D11", "", "C", 59.05, 59.05, 35.43, 180],
		[77, "ATMEGA328P-PU_18", 3980, -3702.48, "T", "DIP", "D12", "", "C", 59.05, 59.05, 35.43, 180],
		[78, "ATMEGA328P-PU_18", 3980, -3702.48, "B", "DIP", "D12", "", "C", 59.05, 59.05, 35.43, 180],
		[79, "ATMEGA328P-PU_19", 4080, -3702.48, "T", "DIP", "D13", "", "C", 59.05, 59.05, 35.43, 180],
		[80, "ATMEGA328P-PU_19", 4080, -3702.48, "B", "DIP", "D13", "", "C", 59.05, 59.05, 35.43, 180],
		[81, "ATMEGA328P-PU_20", 4180, -3702.48, "T", "DIP", "+5V", "", "C", 59.05, 59.05, 35.43, 180],
		[82, "ATMEGA328P-PU_20", 4180, -3702.48, "B", "DIP", "+5V", "", "C", 59.05, 59.05, 35.43, 180],
		[83, "ATMEGA328P-PU_21", 4280, -3702.48, "T", "DIP", "ATMEGA328P-PU_21", "", "C", 59.05, 59.05, 35.43, 180],
		[84, "ATMEGA328P-PU_21", 4280, -3702.48, "B", "DIP", "ATMEGA328P-PU_21", "", "C", 59.05, 59.05, 35.43, 180],
		[85, "ATMEGA328P-PU_22", 4380, -3702.48, "T", "DIP", "GND", "GND", "C", 59.05, 59.05, 35.43, 180],
		[86, "ATMEGA328P-PU_22", 4380, -3702.48, "B", "DIP", "GND", "GND", "C", 59.05, 59.05, 35.43, 180],
		[87, "ATMEGA328P-PU_23", 4480, -3702.48, "T", "DIP", "A0", "", "C", 59.05, 59.05, 35.43, 180],
		[88, "ATMEGA328P-PU_23", 4480, -3702.48, "B", "DIP", "A0", "", "C", 59.05, 59.05, 35.43, 180],
		[89, "ATMEGA328P-PU_24", 4580, -3702.48, "T", "DIP", "A1", "", "C", 59.05, 59.05, 35.43, 180],
		[90, "ATMEGA328P-PU_24", 4580, -3702.48, "B", "DIP", "A1", "", "C", 59.05, 59.05, 35.43, 180],
		[91, "ATMEGA328P-PU_25", 4680, -3702.48, "T", "DIP", "A2", "", "C", 59.05, 59.05, 35.43, 180],
		[92, "ATMEGA328P-PU_25", 4680, -3702.48, "B", "DIP", "A2", "", "C", 59.05, 59.05, 35.43, 180],
		[93, "ATMEGA328P-PU_26", 4780, -3702.48, "T", "DIP", "ATMEGA328P-PU_26", "", "C", 59.05, 59.05, 35.43, 180],
		[94, "ATMEGA328P-PU_26", 4780, -3702.48, "B", "DIP", "ATMEGA328P-PU_26", "", "C", 59.05, 59.05, 35.43, 180],
		[95, "ATMEGA328P-PU_27", 4880, -3702.48, "T", "DIP", "SDA", "", "C", 59.05, 59.05, 35.43, 180],
		[96, "ATMEGA328P-PU_27", 4880, -3702.48, "B", "DIP", "SDA", "", "C", 59.05, 59.05, 35.43, 180],
		[97, "ATMEGA328P-PU_28", 4980, -3702.48, "T", "DIP", "SCL", "", "C", 59.05, 59.05, 35.43, 180],
		[98, "ATMEGA328P-PU_28", 4980, -3702.48, "B", "DIP", "SCL", "", "C", 59.05, 59.05, 35.43, 180],
		[99, "CH340G_1", 3532.3, -2855, "T", "SMD", "GND", "GND", "O", 23.7, 77.6, 0, 270],
		[100, "CH340G_2", 3532.3, -2905, "T", "SMD", "ATRX", "", "O", 23.7, 77.6, 0, 270],
		[101, "CH340G_3", 3532.3, -2955, "T", "SMD", "ATTX", "", "O", 23.7, 77.6, 0, 270],
		[102, "CH340G_4", 3532.3, -3005, "T", "SMD", "CH340G_4", "", "O", 23.7, 77.6, 0, 270],
		[103, "CH340G_5", 3532.3, -3055, "T", "SMD", "CHD+", "", "O", 23.7, 77.6, 0, 270],
		[104, "CH340G_6", 3532.3, -3105, "T", "SMD", "CHD-", "", "O", 23.7, 77.6, 0, 270],
		[105, "CH340G_7", 3532.3, -3155, "T", "SMD", "CH340G_7", "", "O", 23.7, 77.6, 0, 270],
		[106, "CH340G_8", 3532.3, -3205, "T", "SMD", "CH340G_8", "", "O", 23.7, 77.6, 0, 270],
		[107, "CH340G_9", 3747.7, -3205, "T", "SMD", "CH340G_9", "", "O", 23.7, 77.6, 0, 270],
		[108, "CH340G_10", 3747.7, -3155, "T", "SMD", "CH340G_10", "", "O", 23.7, 77.6, 0, 270],
		[109, "CH340G_11", 3747.7, -3105, "T", "SMD", "CH340G_11", "", "O", 23.7, 77.6, 0, 270],
		[110, "CH340G_12", 3747.7, -3055, "T", "SMD", "CH340G_12", "", "O", 23.7, 77.6, 0, 270],
		[111, "CH340G_13", 3747.7, -3005, "T", "SMD", "$1N10528", "", "O", 23.7, 77.6, 0, 270],
		[112, "CH340G_14", 3747.7, -2955, "T", "SMD", "CH340G_14", "", "O", 23.7, 77.6, 0, 270],
		[113, "CH340G_15", 3747.7, -2905, "T", "SMD", "CH340G_15", "", "O", 23.7, 77.6, 0, 270],
		[114, "CH340G_16", 3747.7, -2855, "T", "SMD", "+5V", "", "O", 23.7, 77.6, 0, 270],
		[115, "Display1_1", 3185, -1735, "T", "DIP", "+5V", "", "O", 57.56, 71.95, 31.5, 0],
		[116, "Display1_1", 3185, -1735, "B", "DIP", "+5V", "", "O", 57.56, 71.95, 31.5, 0],
		[117, "Display1_2", 3285, -1735, "T", "DIP", "+5V", "", "O", 57.56, 71.95, 31.5, 0],
		[118, "Display1_2", 3285, -1735, "B", "DIP", "+5V", "", "O", 57.56, 71.95, 31.5, 0],
		[119, "Display1_3", 3385, -1735, "T", "DIP", "GND", "GND", "O", 57.56, 71.95, 31.5, 0],
		[120, "Display1_3", 3385, -1735, "B", "DIP", "GND", "GND", "O", 57.56, 71.95, 31.5, 0],
		[121, "Display1_4", 3485, -1735, "T", "DIP", "GND", "GND", "O", 57.56, 71.95, 31.5, 0],
		[122, "Display1_4", 3485, -1735, "B", "DIP", "GND", "GND", "O", 57.56, 71.95, 31.5, 0],
		[123, "Display1_5", 3585, -1735, "T", "DIP", "A0", "", "O", 57.56, 71.95, 31.5, 0],
		[124, "Display1_5", 3585, -1735, "B", "DIP", "A0", "", "O", 57.56, 71.95, 31.5, 0],
		[125, "Display1_6", 3685, -1735, "T", "DIP", "+5V", "", "O", 57.56, 71.95, 31.5, 0],
		[126, "Display1_6", 3685, -1735, "B", "DIP", "+5V", "", "O", 57.56, 71.95, 31.5, 0],
		[127, "Display1_7", 3785, -1735, "T", "DIP", "A1", "", "O", 57.56, 71.95, 31.5, 0],
		[128, "Display1_7", 3785, -1735, "B", "DIP", "A1", "", "O", 57.56, 71.95, 31.5, 0],
		[129, "Display1_8", 3885, -1735, "T", "DIP", "A2", "", "O", 57.56, 71.95, 31.5, 0],
		[130, "Display1_8", 3885, -1735, "B", "DIP", "A2", "", "O", 57.56, 71.95, 31.5, 0],
		[131, "Display1_9", 3985, -1735, "T", "DIP", "D2", "", "O", 57.56, 71.95, 31.5, 0],
		[132, "Display1_9", 3985, -1735, "B", "DIP", "D2", "", "O", 57.56, 71.95, 31.5, 0],
		[133, "Display1_10", 4085, -1735, "T", "DIP", "Display1_10", "", "O", 57.56, 71.95, 31.5, 0],
		[134, "Display1_10", 4085, -1735, "B", "DIP", "Display1_10", "", "O", 57.56, 71.95, 31.5, 0],
		[135, "Display1_11", 4185, -1735, "T", "DIP", "Display1_11", "", "O", 57.56, 71.95, 31.5, 0],
		[136, "Display1_11", 4185, -1735, "B", "DIP", "Display1_11", "", "O", 57.56, 71.95, 31.5, 0],
		[137, "Display1_12", 4185, -1135, "T", "DIP", "GND", "GND", "O", 57.56, 71.95, 31.5, 0],
		[138, "Display1_12", 4185, -1135, "B", "DIP", "GND", "GND", "O", 57.56, 71.95, 31.5, 0],
		[139, "Display1_13", 4085, -1135, "T", "DIP", "Display1_13", "", "O", 57.56, 71.95, 31.5, 0],
		[140, "Display1_13", 4085, -1135, "B", "DIP", "Display1_13", "", "O", 57.56, 71.95, 31.5, 0],
		[141, "Display1_14", 3985, -1135, "T", "DIP", "+5V", "", "O", 57.56, 71.95, 31.5, 0],
		[142, "Display1_14", 3985, -1135, "B", "DIP", "+5V", "", "O", 57.56, 71.95, 31.5, 0],
		[143, "Display1_15", 3885, -1135, "T", "DIP", "Display1_15", "", "O", 57.56, 71.95, 31.5, 0],
		[144, "Display1_15", 3885, -1135, "B", "DIP", "Display1_15", "", "O", 57.56, 71.95, 31.5, 0],
		[145, "Display1_16", 3785, -1135, "T", "DIP", "D7", "", "O", 57.56, 71.95, 31.5, 0],
		[146, "Display1_16", 3785, -1135, "B", "DIP", "D7", "", "O", 57.56, 71.95, 31.5, 0],
		[147, "Display1_17", 3685, -1135, "T", "DIP", "D8", "", "O", 57.56, 71.95, 31.5, 0],
		[148, "Display1_17", 3685, -1135, "B", "DIP", "D8", "", "O", 57.56, 71.95, 31.5, 0],
		[149, "Display1_18", 3585, -1135, "T", "DIP", "D9", "", "O", 57.56, 71.95, 31.5, 0],
		[150, "Display1_18", 3585, -1135, "B", "DIP", "D9", "", "O", 57.56, 71.95, 31.5, 0],
		[151, "Display1_19", 3485, -1135, "T", "DIP", "D10", "", "O", 57.56, 71.95, 31.5, 0],
		[152, "Display1_19", 3485, -1135, "B", "DIP", "D10", "", "O", 57.56, 71.95, 31.5, 0],
		[153, "Display1_20", 3385, -1135, "T", "DIP", "D11", "", "O", 57.56, 71.95, 31.5, 0],
		[154, "Display1_20", 3385, -1135, "B", "DIP", "D11", "", "O", 57.56, 71.95, 31.5, 0],
		[155, "Display1_21", 3285, -1135, "T", "DIP", "D12", "", "O", 57.56, 71.95, 31.5, 0],
		[156, "Display1_21", 3285, -1135, "B", "DIP", "D12", "", "O", 57.56, 71.95, 31.5, 0],
		[157, "Display1_22", 3185, -1135, "T", "DIP", "D13", "", "O", 57.56, 71.95, 31.5, 0],
		[158, "Display1_22", 3185, -1135, "B", "DIP", "D13", "", "O", 57.56, 71.95, 31.5, 0],
		[159, "Display2_1", 4525, -1735, "T", "DIP", "+5V", "", "O", 57.56, 71.95, 31.5, 0],
		[160, "Display2_1", 4525, -1735, "B", "DIP", "+5V", "", "O", 57.56, 71.95, 31.5, 0],
		[161, "Display2_2", 4625, -1735, "T", "DIP", "+5V", "", "O", 57.56, 71.95, 31.5, 0],
		[162, "Display2_2", 4625, -1735, "B", "DIP", "+5V", "", "O", 57.56, 71.95, 31.5, 0],
		[163, "Display2_3", 4725, -1735, "T", "DIP", "GND", "GND", "O", 57.56, 71.95, 31.5, 0],
		[164, "Display2_3", 4725, -1735, "B", "DIP", "GND", "GND", "O", 57.56, 71.95, 31.5, 0],
		[165, "Display2_4", 4825, -1735, "T", "DIP", "GND", "GND", "O", 57.56, 71.95, 31.5, 0],
		[166, "Display2_4", 4825, -1735, "B", "DIP", "GND", "GND", "O", 57.56, 71.95, 31.5, 0],
		[167, "Display2_5", 4925, -1735, "T", "DIP", "A0", "", "O", 57.56, 71.95, 31.5, 0],
		[168, "Display2_5", 4925, -1735, "B", "DIP", "A0", "", "O", 57.56, 71.95, 31.5, 0],
		[169, "Display2_6", 5025, -1735, "T", "DIP", "+5V", "", "O", 57.56, 71.95, 31.5, 0],
		[170, "Display2_6", 5025, -1735, "B", "DIP", "+5V", "", "O", 57.56, 71.95, 31.5, 0],
		[171, "Display2_7", 5125, -1735, "T", "DIP", "A1", "", "O", 57.56, 71.95, 31.5, 0],
		[172, "Display2_7", 5125, -1735, "B", "DIP", "A1", "", "O", 57.56, 71.95, 31.5, 0],
		[173, "Display2_8", 5225, -1735, "T", "DIP", "A2", "", "O", 57.56, 71.95, 31.5, 0],
		[174, "Display2_8", 5225, -1735, "B", "DIP", "A2", "", "O", 57.56, 71.95, 31.5, 0],
		[175, "Display2_9", 5325, -1735, "T", "DIP", "D3", "", "O", 57.56, 71.95, 31.5, 0],
		[176, "Display2_9", 5325, -1735, "B", "DIP", "D3", "", "O", 57.56, 71.95, 31.5, 0],
		[177, "Display2_10", 5425, -1735, "T", "DIP", "Display2_10", "", "O", 57.56, 71.95, 31.5, 0],
		[178, "Display2_10", 5425, -1735, "B", "DIP", "Display2_10", "", "O", 57.56, 71.95, 31.5, 0],
		[179, "Display2_11", 5525, -1735, "T", "DIP", "Display2_11", "", "O", 57.56, 71.95, 31.5, 0],
		[180, "Display2_11", 5525, -1735, "B", "DIP", "Display2_11", "", "O", 57.56, 71.95, 31.5, 0],
		[181, "Display2_12", 5525, -1135, "T", "DIP", "GND", "GND", "O", 57.56, 71.95, 31.5, 0],
		[182, "Display2_12", 5525, -1135, "B", "DIP", "GND", "GND", "O", 57.56, 71.95, 31.5, 0],
		[183, "Display2_13", 5425, -1135, "T", "DIP", "Display2_13", "", "O", 57.56, 71.95, 31.5, 0],
		[184, "Display2_13", 5425, -1135, "B", "DIP", "Display2_13", "", "O", 57.56, 71.95, 31.5, 0],
		[185, "Display2_14", 5325, -1135, "T", "DIP", "+5V", "", "O", 57.56, 71.95, 31.5, 0],
		[186, "Display2_14", 5325, -1135, "B", "DIP", "+5V", "", "O", 57.56, 71.95, 31.5, 0],
		[187, "Display2_15", 5225, -1135, "T", "DIP", "Display2_15", "", "O", 57.56, 71.95, 31.5, 0],
		[188, "Display2_15", 5225, -1135, "B", "DIP", "Display2_15", "", "O", 57.56, 71.95, 31.5, 0],
		[189, "Display2_16", 5125, -1135, "T", "DIP", "D7", "", "O", 57.56, 71.95, 31.5, 0],
		[190, "Display2_16", 5125, -1135, "B", "DIP", "D7", "", "O", 57.56, 71.95, 31.5, 0],
		[191, "Display2_17", 5025, -1135, "T", "DIP", "D8", "", "O", 57.56, 71.95, 31.5, 0],
		[192, "Display2_17", 5025, -1135, "B", "DIP", "D8", "", "O", 57.56, 71.95, 31.5, 0],
		[193, "Display2_18", 4925, -1135, "T", "DIP", "D9", "", "O", 57.56, 71.95, 31.5, 0],
		[194, "Display2_18", 4925, -1135, "B", "DIP", "D9", "", "O", 57.56, 71.95, 31.5, 0],
		[195, "Display2_19", 4825, -1135, "T", "DIP", "D10", "", "O", 57.56, 71.95, 31.5, 0],
		[196, "Display2_19", 4825, -1135, "B", "DIP", "D10", "", "O", 57.56, 71.95, 31.5, 0],
		[197, "Display2_20", 4725, -1135, "T", "DIP", "D11", "", "O", 57.56, 71.95, 31.5, 0],
		[198, "Display2_20", 4725, -1135, "B", "DIP", "D11", "", "O", 57.56, 71.95, 31.5, 0],
		[199, "Display2_21", 4625, -1135, "T", "DIP", "D12", "", "O", 57.56, 71.95, 31.5, 0],
		[200, "Display2_21", 4625, -1135, "B", "DIP", "D12", "", "O", 57.56, 71.95, 31.5, 0],
		[201, "Display2_22", 4525, -1135, "T", "DIP", "D13", "", "O", 57.56, 71.95, 31.5, 0],
		[202, "Display2_22", 4525, -1135, "B", "DIP", "D13", "", "O", 57.56, 71.95, 31.5, 0],
		[203, "Display3_1", 2495, -2575, "T", "DIP", "+5V", "", "O", 57.56, 71.95, 31.5, 0],
		[204, "Display3_1", 2495, -2575, "B", "DIP", "+5V", "", "O", 57.56, 71.95, 31.5, 0],
		[205, "Display3_2", 2595, -2575, "T", "DIP", "+5V", "", "O", 57.56, 71.95, 31.5, 0],
		[206, "Display3_2", 2595, -2575, "B", "DIP", "+5V", "", "O", 57.56, 71.95, 31.5, 0],
		[207, "Display3_3", 2695, -2575, "T", "DIP", "GND", "GND", "O", 57.56, 71.95, 31.5, 0],
		[208, "Display3_3", 2695, -2575, "B", "DIP", "GND", "GND", "O", 57.56, 71.95, 31.5, 0],
		[209, "Display3_4", 2795, -2575, "T", "DIP", "GND", "GND", "O", 57.56, 71.95, 31.5, 0],
		[210, "Display3_4", 2795, -2575, "B", "DIP", "GND", "GND", "O", 57.56, 71.95, 31.5, 0],
		[211, "Display3_5", 2895, -2575, "T", "DIP", "A0", "", "O", 57.56, 71.95, 31.5, 0],
		[212, "Display3_5", 2895, -2575, "B", "DIP", "A0", "", "O", 57.56, 71.95, 31.5, 0],
		[213, "Display3_6", 2995, -2575, "T", "DIP", "+5V", "", "O", 57.56, 71.95, 31.5, 0],
		[214, "Display3_6", 2995, -2575, "B", "DIP", "+5V", "", "O", 57.56, 71.95, 31.5, 0],
		[215, "Display3_7", 3095, -2575, "T", "DIP", "A1", "", "O", 57.56, 71.95, 31.5, 0],
		[216, "Display3_7", 3095, -2575, "B", "DIP", "A1", "", "O", 57.56, 71.95, 31.5, 0],
		[217, "Display3_8", 3195, -2575, "T", "DIP", "A2", "", "O", 57.56, 71.95, 31.5, 0],
		[218, "Display3_8", 3195, -2575, "B", "DIP", "A2", "", "O", 57.56, 71.95, 31.5, 0],
		[219, "Display3_9", 3295, -2575, "T", "DIP", "D4", "", "O", 57.56, 71.95, 31.5, 0],
		[220, "Display3_9", 3295, -2575, "B", "DIP", "D4", "", "O", 57.56, 71.95, 31.5, 0],
		[221, "Display3_10", 3395, -2575, "T", "DIP", "Display3_10", "", "O", 57.56, 71.95, 31.5, 0],
		[222, "Display3_10", 3395, -2575, "B", "DIP", "Display3_10", "", "O", 57.56, 71.95, 31.5, 0],
		[223, "Display3_11", 3495, -2575, "T", "DIP", "Display3_11", "", "O", 57.56, 71.95, 31.5, 0],
		[224, "Display3_11", 3495, -2575, "B", "DIP", "Display3_11", "", "O", 57.56, 71.95, 31.5, 0],
		[225, "Display3_12", 3495, -1975, "T", "DIP", "GND", "GND", "O", 57.56, 71.95, 31.5, 0],
		[226, "Display3_12", 3495, -1975, "B", "DIP", "GND", "GND", "O", 57.56, 71.95, 31.5, 0],
		[227, "Display3_13", 3395, -1975, "T", "DIP", "Display3_13", "", "O", 57.56, 71.95, 31.5, 0],
		[228, "Display3_13", 3395, -1975, "B", "DIP", "Display3_13", "", "O", 57.56, 71.95, 31.5, 0],
		[229, "Display3_14", 3295, -1975, "T", "DIP", "+5V", "", "O", 57.56, 71.95, 31.5, 0],
		[230, "Display3_14", 3295, -1975, "B", "DIP", "+5V", "", "O", 57.56, 71.95, 31.5, 0],
		[231, "Display3_15", 3195, -1975, "T", "DIP", "Display3_15", "", "O", 57.56, 71.95, 31.5, 0],
		[232, "Display3_15", 3195, -1975, "B", "DIP", "Display3_15", "", "O", 57.56, 71.95, 31.5, 0],
		[233, "Display3_16", 3095, -1975, "T", "DIP", "D7", "", "O", 57.56, 71.95, 31.5, 0],
		[234, "Display3_16", 3095, -1975, "B", "DIP", "D7", "", "O", 57.56, 71.95, 31.5, 0],
		[235, "Display3_17", 2995, -1975, "T", "DIP", "D8", "", "O", 57.56, 71.95, 31.5, 0],
		[236, "Display3_17", 2995, -1975, "B", "DIP", "D8", "", "O", 57.56, 71.95, 31.5, 0],
		[237, "Display3_18", 2895, -1975, "T", "DIP", "D9", "", "O", 57.56, 71.95, 31.5, 0],
		[238, "Display3_18", 2895, -1975, "B", "DIP", "D9", "", "O", 57.56, 71.95, 31.5, 0],
		[239, "Display3_19", 2795, -1975, "T", "DIP", "D10", "", "O", 57.56, 71.95, 31.5, 0],
		[240, "Display3_19", 2795, -1975, "B", "DIP", "D10", "", "O", 57.56, 71.95, 31.5, 0],
		[241, "Display3_20", 2695, -1975, "T", "DIP", "D11", "", "O", 57.56, 71.95, 31.5, 0],
		[242, "Display3_20", 2695, -1975, "B", "DIP", "D11", "", "O", 57.56, 71.95, 31.5, 0],
		[243, "Display3_21", 2595, -1975, "T", "DIP", "D12", "", "O", 57.56, 71.95, 31.5, 0],
		[244, "Display3_21", 2595, -1975, "B", "DIP", "D12", "", "O", 57.56, 71.95, 31.5, 0],
		[245, "Display3_22", 2495, -1975, "T", "DIP", "D13", "", "O", 57.56, 71.95, 31.5, 0],
		[246, "Display3_22", 2495, -1975, "B", "DIP", "D13", "", "O", 57.56, 71.95, 31.5, 0],
		[247, "Display4_1", 3855, -2575, "T", "DIP", "+5V", "", "O", 57.56, 71.95, 31.5, 0],
		[248, "Display4_1", 3855, -2575, "B", "DIP", "+5V", "", "O", 57.56, 71.95, 31.5, 0],
		[249, "Display4_2", 3955, -2575, "T", "DIP", "+5V", "", "O", 57.56, 71.95, 31.5, 0],
		[250, "Display4_2", 3955, -2575, "B", "DIP", "+5V", "", "O", 57.56, 71.95, 31.5, 0],
		[251, "Display4_3", 4055, -2575, "T", "DIP", "GND", "GND", "O", 57.56, 71.95, 31.5, 0],
		[252, "Display4_3", 4055, -2575, "B", "DIP", "GND", "GND", "O", 57.56, 71.95, 31.5, 0],
		[253, "Display4_4", 4155, -2575, "T", "DIP", "GND", "GND", "O", 57.56, 71.95, 31.5, 0],
		[254, "Display4_4", 4155, -2575, "B", "DIP", "GND", "GND", "O", 57.56, 71.95, 31.5, 0],
		[255, "Display4_5", 4255, -2575, "T", "DIP", "A0", "", "O", 57.56, 71.95, 31.5, 0],
		[256, "Display4_5", 4255, -2575, "B", "DIP", "A0", "", "O", 57.56, 71.95, 31.5, 0],
		[257, "Display4_6", 4355, -2575, "T", "DIP", "+5V", "", "O", 57.56, 71.95, 31.5, 0],
		[258, "Display4_6", 4355, -2575, "B", "DIP", "+5V", "", "O", 57.56, 71.95, 31.5, 0],
		[259, "Display4_7", 4455, -2575, "T", "DIP", "A1", "", "O", 57.56, 71.95, 31.5, 0],
		[260, "Display4_7", 4455, -2575, "B", "DIP", "A1", "", "O", 57.56, 71.95, 31.5, 0],
		[261, "Display4_8", 4555, -2575, "T", "DIP", "A2", "", "O", 57.56, 71.95, 31.5, 0],
		[262, "Display4_8", 4555, -2575, "B", "DIP", "A2", "", "O", 57.56, 71.95, 31.5, 0],
		[263, "Display4_9", 4655, -2575, "T", "DIP", "D5", "", "O", 57.56, 71.95, 31.5, 0],
		[264, "Display4_9", 4655, -2575, "B", "DIP", "D5", "", "O", 57.56, 71.95, 31.5, 0],
		[265, "Display4_10", 4755, -2575, "T", "DIP", "Display4_10", "", "O", 57.56, 71.95, 31.5, 0],
		[266, "Display4_10", 4755, -2575, "B", "DIP", "Display4_10", "", "O", 57.56, 71.95, 31.5, 0],
		[267, "Display4_11", 4855, -2575, "T", "DIP", "Display4_11", "", "O", 57.56, 71.95, 31.5, 0],
		[268, "Display4_11", 4855, -2575, "B", "DIP", "Display4_11", "", "O", 57.56, 71.95, 31.5, 0],
		[269, "Display4_12", 4855, -1975, "T", "DIP", "GND", "GND", "O", 57.56, 71.95, 31.5, 0],
		[270, "Display4_12", 4855, -1975, "B", "DIP", "GND", "GND", "O", 57.56, 71.95, 31.5, 0],
		[271, "Display4_13", 4755, -1975, "T", "DIP", "Display4_13", "", "O", 57.56, 71.95, 31.5, 0],
		[272, "Display4_13", 4755, -1975, "B", "DIP", "Display4_13", "", "O", 57.56, 71.95, 31.5, 0],
		[273, "Display4_14", 4655, -1975, "T", "DIP", "+5V", "", "O", 57.56, 71.95, 31.5, 0],
		[274, "Display4_14", 4655, -1975, "B", "DIP", "+5V", "", "O", 57.56, 71.95, 31.5, 0],
		[275, "Display4_15", 4555, -1975, "T", "DIP", "Display4_15", "", "O", 57.56, 71.95, 31.5, 0],
		[276, "Display4_15", 4555, -1975, "B", "DIP", "Display4_15", "", "O", 57.56, 71.95, 31.5, 0],
		[277, "Display4_16", 4455, -1975, "T", "DIP", "D7", "", "O", 57.56, 71.95, 31.5, 0],
		[278, "Display4_16", 4455, -1975, "B", "DIP", "D7", "", "O", 57.56, 71.95, 31.5, 0],
		[279, "Display4_17", 4355, -1975, "T", "DIP", "D8", "", "O", 57.56, 71.95, 31.5, 0],
		[280, "Display4_17", 4355, -1975, "B", "DIP", "D8", "", "O", 57.56, 71.95, 31.5, 0],
		[281, "Display4_18", 4255, -1975, "T", "DIP", "D9", "", "O", 57.56, 71.95, 31.5, 0],
		[282, "Display4_18", 4255, -1975, "B", "DIP", "D9", "", "O", 57.56, 71.95, 31.5, 0],
		[283, "Display4_19", 4155, -1975, "T", "DIP", "D10", "", "O", 57.56, 71.95, 31.5, 0],
		[284, "Display4_19", 4155, -1975, "B", "DIP", "D10", "", "O", 57.56, 71.95, 31.5, 0],
		[285, "Display4_20", 4055, -1975, "T", "DIP", "D11", "", "O", 57.56, 71.95, 31.5, 0],
		[286, "Display4_20", 4055, -1975, "B", "DIP", "D11", "", "O", 57.56, 71.95, 31.5, 0],
		[287, "Display4_21", 3955, -1975, "T", "DIP", "D12", "", "O", 57.56, 71.95, 31.5, 0],
		[288, "Display4_21", 3955, -1975, "B", "DIP", "D12", "", "O", 57.56, 71.95, 31.5, 0],
		[289, "Display4_22", 3855, -1975, "T", "DIP", "D13", "", "O", 57.56, 71.95, 31.5, 0],
		[290, "Display4_22", 3855, -1975, "B", "DIP", "D13", "", "O", 57.56, 71.95, 31.5, 0],
		[291, "Display5_1", 5215, -2575, "T", "DIP", "+5V", "", "O", 57.56, 71.95, 31.5, 0],
		[292, "Display5_1", 5215, -2575, "B", "DIP", "+5V", "", "O", 57.56, 71.95, 31.5, 0],
		[293, "Display5_2", 5315, -2575, "T", "DIP", "+5V", "", "O", 57.56, 71.95, 31.5, 0],
		[294, "Display5_2", 5315, -2575, "B", "DIP", "+5V", "", "O", 57.56, 71.95, 31.5, 0],
		[295, "Display5_3", 5415, -2575, "T", "DIP", "GND", "GND", "O", 57.56, 71.95, 31.5, 0],
		[296, "Display5_3", 5415, -2575, "B", "DIP", "GND", "GND", "O", 57.56, 71.95, 31.5, 0],
		[297, "Display5_4", 5515, -2575, "T", "DIP", "GND", "GND", "O", 57.56, 71.95, 31.5, 0],
		[298, "Display5_4", 5515, -2575, "B", "DIP", "GND", "GND", "O", 57.56, 71.95, 31.5, 0],
		[299, "Display5_5", 5615, -2575, "T", "DIP", "A0", "", "O", 57.56, 71.95, 31.5, 0],
		[300, "Display5_5", 5615, -2575, "B", "DIP", "A0", "", "O", 57.56, 71.95, 31.5, 0],
		[301, "Display5_6", 5715, -2575, "T", "DIP", "+5V", "", "O", 57.56, 71.95, 31.5, 0],
		[302, "Display5_6", 5715, -2575, "B", "DIP", "+5V", "", "O", 57.56, 71.95, 31.5, 0],
		[303, "Display5_7", 5815, -2575, "T", "DIP", "A1", "", "O", 57.56, 71.95, 31.5, 0],
		[304, "Display5_7", 5815, -2575, "B", "DIP", "A1", "", "O", 57.56, 71.95, 31.5, 0],
		[305, "Display5_8", 5915, -2575, "T", "DIP", "A2", "", "O", 57.56, 71.95, 31.5, 0],
		[306, "Display5_8", 5915, -2575, "B", "DIP", "A2", "", "O", 57.56, 71.95, 31.5, 0],
		[307, "Display5_9", 6015, -2575, "T", "DIP", "D6", "", "O", 57.56, 71.95, 31.5, 0],
		[308, "Display5_9", 6015, -2575, "B", "DIP", "D6", "", "O", 57.56, 71.95, 31.5, 0],
		[309, "Display5_10", 6115, -2575, "T", "DIP", "Display5_10", "", "O", 57.56, 71.95, 31.5, 0],
		[310, "Display5_10", 6115, -2575, "B", "DIP", "Display5_10", "", "O", 57.56, 71.95, 31.5, 0],
		[311, "Display5_11", 6215, -2575, "T", "DIP", "Display5_11", "", "O", 57.56, 71.95, 31.5, 0],
		[312, "Display5_11", 6215, -2575, "B", "DIP", "Display5_11", "", "O", 57.56, 71.95, 31.5, 0],
		[313, "Display5_12", 6215, -1975, "T", "DIP", "GND", "GND", "O", 57.56, 71.95, 31.5, 0],
		[314, "Display5_12", 6215, -1975, "B", "DIP", "GND", "GND", "O", 57.56, 71.95, 31.5, 0],
		[315, "Display5_13", 6115, -1975, "T", "DIP", "Display5_13", "", "O", 57.56, 71.95, 31.5, 0],
		[316, "Display5_13", 6115, -1975, "B", "DIP", "Display5_13", "", "O", 57.56, 71.95, 31.5, 0],
		[317, "Display5_14", 6015, -1975, "T", "DIP", "+5V", "", "O", 57.56, 71.95, 31.5, 0],
		[318, "Display5_14", 6015, -1975, "B", "DIP", "+5V", "", "O", 57.56, 71.95, 31.5, 0],
		[319, "Display5_15", 5915, -1975, "T", "DIP", "Display5_15", "", "O", 57.56, 71.95, 31.5, 0],
		[320, "Display5_15", 5915, -1975, "B", "DIP", "Display5_15", "", "O", 57.56, 71.95, 31.5, 0],
		[321, "Display5_16", 5815, -1975, "T", "DIP", "D7", "", "O", 57.56, 71.95, 31.5, 0],
		[322, "Display5_16", 5815, -1975, "B", "DIP", "D7", "", "O", 57.56, 71.95, 31.5, 0],
		[323, "Display5_17", 5715, -1975, "T", "DIP", "D8", "", "O", 57.56, 71.95, 31.5, 0],
		[324, "Display5_17", 5715, -1975, "B", "DIP", "D8", "", "O", 57.56, 71.95, 31.5, 0],
		[325, "Display5_18", 5615, -1975, "T", "DIP", "D9", "", "O", 57.56, 71.95, 31.5, 0],
		[326, "Display5_18", 5615, -1975, "B", "DIP", "D9", "", "O", 57.56, 71.95, 31.5, 0],
		[327, "Display5_19", 5515, -1975, "T", "DIP", "D10", "", "O", 57.56, 71.95, 31.5, 0],
		[328, "Display5_19", 5515, -1975, "B", "DIP", "D10", "", "O", 57.56, 71.95, 31.5, 0],
		[329, "Display5_20", 5415, -1975, "T", "DIP", "D11", "", "O", 57.56, 71.95, 31.5, 0],
		[330, "Display5_20", 5415, -1975, "B", "DIP", "D11", "", "O", 57.56, 71.95, 31.5, 0],
		[331, "Display5_21", 5315, -1975, "T", "DIP", "D12", "", "O", 57.56, 71.95, 31.5, 0],
		[332, "Display5_21", 5315, -1975, "B", "DIP", "D12", "", "O", 57.56, 71.95, 31.5, 0],
		[333, "Display5_22", 5215, -1975, "T", "DIP", "D13", "", "O", 57.56, 71.95, 31.5, 0],
		[334, "Display5_22", 5215, -1975, "B", "DIP", "D13", "", "O", 57.56, 71.95, 31.5, 0],
		[335, "LED1_1", 4696.35, -3005, "T", "SMD", "+5V", "", "R", 39.37, 55.1, 0, 180],
		[336, "LED1_2", 4613.65, -3005, "T", "SMD", "$1N1376", "", "R", 39.37, 55.1, 0, 180],
		[337, "MCP16T-I/CHY_1", 2903.15, -2957.4, "T", "SMD", "$1N2052", "", "R", 43.31, 23.62, 0, 0],
		[338, "MCP16T-I/CHY_2", 2903.15, -2920, "T", "SMD", "GND", "GND", "R", 43.31, 23.62, 0, 0],
		[339, "MCP16T-I/CHY_3", 2903.15, -2882.6, "T", "SMD", "VCC", "", "R", 43.31, 23.62, 0, 0],
		[340, "MCP16T-I/CHY_4", 2796.85, -2882.6, "T", "SMD", "$1N2150", "", "R", 43.31, 23.62, 0, 0],
		[341, "MCP16T-I/CHY_5", 2796.85, -2920, "T", "SMD", "+5V", "", "R", 43.31, 23.62, 0, 0],
		[342, "MCP16T-I/CHY_6", 2796.85, -2957.4, "T", "SMD", "VCC", "", "R", 43.31, 23.62, 0, 0],
		[343, "Micro-USB_0", 2415.18, -3742.63, "T", "SMD", "GND", "GND", "R", 59.05, 74.8, 0, 270],
		[344, "Micro-USB_0", 2415.18, -3447.37, "T", "SMD", "GND", "GND", "R", 59.05, 74.8, 0, 270],
		[345, "Micro-USB_0", 2415.18, -3543.82, "T", "SMD", "GND", "GND", "R", 74.8, 74.8, 0, 270],
		[346, "Micro-USB_0", 2415.18, -3646.18, "T", "SMD", "GND", "GND", "R", 74.8, 74.8, 0, 270],
		[347, "Micro-USB_1", 2524.82, -3543.8, "T", "SMD", "+5V", "", "R", 53.15, 15.75, 0, 180],
		[348, "Micro-USB_2", 2524.82, -3569.4, "T", "SMD", "CHD-", "", "R", 53.15, 15.75, 0, 180],
		[349, "Micro-USB_3", 2524.82, -3595, "T", "SMD", "CHD+", "", "R", 53.15, 15.75, 0, 180],
		[350, "Micro-USB_4", 2524.82, -3620.6, "T", "SMD", "Micro-USB_4", "", "R", 53.15, 15.75, 0, 180],
		[351, "Micro-USB_5", 2524.82, -3646.2, "T", "SMD", "GND", "GND", "R", 53.15, 15.75, 0, 180],
		[352, "PCF8563T_1", 4893.5, -3085, "T", "SMD", "$1N1081", "", "O", 22.38, 76.78, 0, 270],
		[353, "PCF8563T_2", 4893.5, -3135, "T", "SMD", "$1N1077", "", "O", 22.38, 76.78, 0, 270],
		[354, "PCF8563T_3", 4893.5, -3185, "T", "SMD", "PCF8563T_3", "", "O", 22.38, 76.78, 0, 270],
		[355, "PCF8563T_4", 4893.5, -3235, "T", "SMD", "GND", "GND", "O", 22.38, 76.78, 0, 270],
		[356, "PCF8563T_5", 5106.5, -3235, "T", "SMD", "$1N1492", "", "O", 22.38, 76.78, 0, 270],
		[357, "PCF8563T_6", 5106.5, -3185, "T", "SMD", "$1N1494", "", "O", 22.38, 76.78, 0, 270],
		[358, "PCF8563T_7", 5106.5, -3135, "T", "SMD", "PCF8563T_7", "", "O", 22.38, 76.78, 0, 270],
		[359, "PCF8563T_8", 5106.5, -3085, "T", "SMD", "+5V", "", "O", 22.38, 76.78, 0, 270]
	]
}
}