{
"lengthUnit": "mil",
"components": {
	"fields": ["COMPONENT_NO", "COMPONENT_NAME", "LAYER", "X_COORDINATE", "Y_COORDINATE", "ANGLE"],
	"rows": [
		[1, "1.5MR", "T", 5326.88, -4362.79, 0],
		[2, "3.7V", "T", 2625, -4035, 90],
		[3, "4.7kR", "T", 5724.19, -4364.63, 0],
		[4, "4.7kRN1", "T", 5730, -4630, 0],
		[5, "4.7uF", "T", 2926.34, -4009.63, 0],
		[6, "4.7uH", "T", 4085.56, -4029.63, 0],
		[7, "10kR", "T", 2931.34, -4341.6, 0],
		[8, "10uF", "T", 6119.64, -4365.42, 0],
		[9, "10uFN1", "T", 5924.2, -4042.79, 0],
		[10, "16MHz", "T", 4530, -4025, 0],
		[11, "22pF", "T", 3195.31, -4674.63, 0],
		[12, "22pFN1", "T", 3195.31, -4509.63, 0],
		[13, "32.768kHz", "T", 5150, -4030, 0],
		[14, "100nF", "T", 2930.61, -4168.34, 0],
		[15, "150R", "T", 6125, -4630, 0],
		[16, "470kR", "T", 5326.88, -4629.63, 0],
		[17, "ATMEGA328P-PU", "T", 4380, -4565, 180],
		[18, "CH340G", "T", 3365, -4145, 270],
		[19, "Display1", "T", 3800, -2340, 0],
		[20, "Display2", "T", 5125, -2340, 0],
		[21, "Display3", "T", 3135, -3175, 0],
		[22, "Display4", "T", 4465, -3175, 0],
		[23, "Display5", "T", 5800, -3175, 0],
		[24, "LED1", "T", 6265, -3955, 0],
		[25, "MCP1624T-I/CHY", "T", 3780, -4030, 180],
		[26, "Micro-USB", "T", 2640, -4565, 270],
		[27, "PCF8563T", "T", 5440, -4015, 270]
	]
},
"pins": {
	"fields": ["PIN_NO", "PIN_NAME", "PIN_X", "PIN_Y", "LAYER", "PIN_TYPE", "NET_NAME", "NET_TYPE", "PAD_SHAPE", "PAD_SIZEX", "PAD_SIZEY", "HOLE_SIZE", "PAD_ANGLE"],
	"rows": [
		[1, "1.5MR_1", 5287.51, -4362.79, "T", "SMD", "$1N2150", "", "R", 44.59, 54.21, 0, 0],
		[2, "1.5MR_2", 5366.25, -4362.79, "T", "SMD", "+5V", "", "R", 44.59, 54.21, 0, 0],
		[3, "3.7V_1", 2625, -4085, "T", "DIP", "GND", "GND", "R", 66.93, 66.93, 39.37, 90],
		[4, "3.7V_1", 2625, -4085, "B", "DIP", "GND", "GND", "R", 66.93, 66.93, 39.37, 90],
		[5, "3.7V_2", 2625, -3985, "T", "DIP", "VCC", "", "C", 66.93, 66.93, 39.37, 90],
		[6, "3.7V_2", 2625, -3985, "B", "DIP", "VCC", "", "C", 66.93, 66.93, 39.37, 90],
		[7, "4.7kR_1", 5684.82, -4364.63, "T", "SMD", "SDA", "", "R", 44.59, 54.21, 0, 0],
		[8, "4.7kR_2", 5763.56, -4364.63, "T", "SMD", "$1N1492", "", "R", 44.59, 54.21, 0, 0],
		[9, "4.7kRN1_1", 5690.63, -4630, "T", "SMD", "SCL", "", "R", 44.59, 54.21, 0, 0],
		[10, "4.7kRN1_2", 5769.37, -4630, "T", "SMD", "$1N1494", "", "R", 44.59, 54.21, 0, 0],
		[11, "4.7uF_1", 2886.97, -4009.63, "T", "SMD", "GND", "GND", "R", 55.51, 53.15, 0, 0],
		[12, "4.7uF_2", 2965.71, -4009.63, "T", "SMD", "VCC", "", "R", 55.51, 53.15, 0, 0],
		[13, "4.7uH_1", 4034.78, -4029.63, "T", "SMD", "VCC", "", "R", 39.37, 141.73, 0, 0],
		[14, "4.7uH_2", 4136.35, -4029.63, "T", "SMD", "$1N2052", "", "R", 39.37, 141.73, 0, 0],
		[15, "10kR_1", 2891.97, -4341.6, "T", "SMD", "ATRS", "", "R", 44.59, 54.21, 0, 0],
		[16, "10kR_2", 2970.71, -4341.6, "T", "SMD", "+5V", "", "R", 44.59, 54.21, 0, 0],
		[17, "10uF_1", 6080.27, -4365.42, "T", "SMD", "+5V", "", "R", 55.51, 53.15, 0, 0],
		[18, "10uF_2", 6159.01, -4365.42, "T", "SMD", "GND", "GND", "R", 55.51, 53.15, 0, 0],
		[19, "10uFN1_1", 5884.83, -4042.79, "T", "SMD", "GND", "GND", "R", 55.51, 53.15, 0, 0],
		[20, "10uFN1_2", 5963.57, -4042.79, "T", "SMD", "+5V", "", "R", 55.51, 53.15, 0, 0],
		[21, "16MHz_1", 4435, -4025, "T", "DIP", "ATX2", "", "C", 47.7, 47.7, 32, 0],
		[22, "16MHz_1", 4435, -4025, "B", "DIP", "ATX2", "", "C", 47.7, 47.7, 32, 0],
		[23, "16MHz_2", 4625, -4025, "T", "DIP", "ATX1", "", "C", 47.7, 47.7, 32, 0],
		[24, "16MHz_2", 4625, -4025, "B", "DIP", "ATX1", "", "C", 47.7, 47.7, 32, 0],
		[25, "22pF_1", 3155.94, -4674.63, "T", "SMD", "ATX2", "", "R", 55.51, 53.15, 0, 0],
		[26, "22pF_2", 3234.68, -4674.63, "T", "SMD", "GND", "GND", "R", 55.51, 53.15, 0, 0],
		[27, "22pFN1_1", 3155.94, -4509.63, "T", "SMD", "GND", "GND", "R", 55.51, 53.15, 0, 0],
		[28, "22pFN1_2", 3234.68, -4509.63, "T", "SMD", "ATX1", "", "R", 55.51, 53.15, 0, 0],
		[29, "32.768kHz_1", 5150, -4010.32, "T", "DIP", "$1N1081", "", "C", 31.5, 31.5, 19.69, 270],
		[30, "32.768kHz_1", 5150, -4010.32, "B", "DIP", "$1N1081", "", "C", 31.5, 31.5, 19.69, 270],
		[31, "32.768kHz_2", 5150, -4049.68, "T", "DIP", "$1N1077", "", "C", 31.5, 31.5, 19.69, 270],
		[32, "32.768kHz_2", 5150, -4049.68, "B", "DIP", "$1N1077", "", "C", 31.5, 31.5, 19.69, 270],
		[33, "100nF_1", 2891.24, -4168.34, "T", "SMD", "$1N10528", "", "R", 55.51, 53.15, 0, 0],
		[34, "100nF_2", 2969.98, -4168.34, "T", "SMD", "ATRS", "", "R", 55.51, 53.15, 0, 0],
		[35, "150R_1", 6085.63, -4630, "T", "SMD", "$1N1376", "", "R", 44.59, 54.21, 0, 0],
		[36, "150R_2", 6164.37, -4630, "T", "SMD", "GND", "GND", "R", 44.59, 54.21, 0, 0],
		[37, "470kR_1", 5287.51, -4629.63, "T", "SMD", "GND", "GND", "R", 44.59, 54.21, 0, 0],
		[38, "470kR_2", 5366.25, -4629.63, "T", "SMD", "$1N2150", "", "R", 44.59, 54.21, 0, 0],
		[39, "ATMEGA328P-PU_1", 5030, -4407.52, "T", "DIP", "ATRS", "", "R", 59.05, 59.05, 35.43, 180],
		[40, "ATMEGA328P-PU_1", 5030, -4407.52, "B", "DIP", "ATRS", "", "R", 59.05, 59.05, 35.43, 180],
		[41, "ATMEGA328P-PU_2", 4930, -4407.52, "T", "DIP", "ATRX", "", "C", 59.05, 59.05, 35.43, 180],
		[42, "ATMEGA328P-PU_2", 4930, -4407.52, "B", "DIP", "ATRX", "", "C", 59.05, 59.05, 35.43, 180],
		[43, "ATMEGA328P-PU_3", 4830, -4407.52, "T", "DIP", "ATTX", "", "C", 59.05, 59.05, 35.43, 180],
		[44, "ATMEGA328P-PU_3", 4830, -4407.52, "B", "DIP", "ATTX", "", "C", 59.05, 59.05, 35.43, 180],
		[45, "ATMEGA328P-PU_4", 4730, -4407.52, "T", "DIP", "D2", "", "C", 59.05, 59.05, 35.43, 180],
		[46, "ATMEGA328P-PU_4", 4730, -4407.52, "B", "DIP", "D2", "", "C", 59.05, 59.05, 35.43, 180],
		[47, "ATMEGA328P-PU_5", 4630, -4407.52, "T", "DIP", "D3", "", "C", 59.05, 59.05, 35.43, 180],
		[48, "ATMEGA328P-PU_5", 4630, -4407.52, "B", "DIP", "D3", "", "C", 59.05, 59.05, 35.43, 180],
		[49, "ATMEGA328P-PU_6", 4530, -4407.52, "T", "DIP", "D4", "", "C", 59.05, 59.05, 35.43, 180],
		[50, "ATMEGA328P-PU_6", 4530, -4407.52, "B", "DIP", "D4", "", "C", 59.05, 59.05, 35.43, 180],
		[51, "ATMEGA328P-PU_7", 4430, -4407.52, "T", "DIP", "+5V", "", "C", 59.05, 59.05, 35.43, 180],
		[52, "ATMEGA328P-PU_7", 4430, -4407.52, "B", "DIP", "+5V", "", "C", 59.05, 59.05, 35.43, 180],
		[53, "ATMEGA328P-PU_8", 4330, -4407.52, "T", "DIP", "GND", "GND", "C", 59.05, 59.05, 35.43, 180],
		[54, "ATMEGA328P-PU_8", 4330, -4407.52, "B", "DIP", "GND", "GND", "C", 59.05, 59.05, 35.43, 180],
		[55, "ATMEGA328P-PU_9", 4230, -4407.52, "T", "DIP", "ATX1", "", "C", 59.05, 59.05, 35.43, 180],
		[56, "ATMEGA328P-PU_9", 4230, -4407.52, "B", "DIP", "ATX1", "", "C", 59.05, 59.05, 35.43, 180],
		[57, "ATMEGA328P-PU_10", 4130, -4407.52, "T", "DIP", "ATX2", "", "C", 59.05, 59.05, 35.43, 180],
		[58, "ATMEGA328P-PU_10", 4130, -4407.52, "B", "DIP", "ATX2", "", "C", 59.05, 59.05, 35.43, 180],
		[59, "ATMEGA328P-PU_11", 4030, -4407.52, "T", "DIP", "D5", "", "C", 59.05, 59.05, 35.43, 180],
		[60, "ATMEGA328P-PU_11", 4030, -4407.52, "B", "DIP", "D5", "", "C", 59.05, 59.05, 35.43, 180],
		[61, "ATMEGA328P-PU_12", 3930, -4407.52, "T", "DIP", "D6", "", "C", 59.05, 59.05, 35.43, 180],
		[62, "ATMEGA328P-PU_12", 3930, -4407.52, "B", "DIP", "D6", "", "C", 59.05, 59.05, 35.43, 180],
		[63, "ATMEGA328P-PU_13", 3830, -4407.52, "T", "DIP", "D7", "", "C", 59.05, 59.05, 35.43, 180],
		[64, "ATMEGA328P-PU_13", 3830, -4407.52, "B", "DIP", "D7", "", "C", 59.05, 59.05, 35.43, 180],
		[65, "ATMEGA328P-PU_14", 3730, -4407.52, "T", "DIP", "D8", "", "C", 59.05, 59.05, 35.43, 180],
		[66, "ATMEGA328P-PU_14", 3730, -4407.52, "B", "DIP", "D8", "", "C", 59.05, 59.05, 35.43, 180],
		[67, "ATMEGA328P-PU_15", 3730, -4722.48, "T", "DIP", "D9", "", "C", 59.05, 59.05, 35.43, 180],
		[68, "ATMEGA328P-PU_15", 3730, -4722.48, "B", "DIP", "D9", "", "C", 59.05, 59.05, 35.43, 180],
		[69, "ATMEGA328P-PU_16", 3830, -4722.48, "T", "DIP", "D10", "", "C", 59.05, 59.05, 35.43, 180],
		[70, "ATMEGA328P-PU_16", 3830, -4722.48, "B", "DIP", "D10", "", "C", 59.05, 59.05, 35.43, 180],
		[71, "ATMEGA328P-PU_17", 3930, -4722.48, "T", "DIP", "D11", "", "C", 59.05, 59.05, 35.43, 180],
		[72, "ATMEGA328P-PU_17", 3930, -4722.48, "B", "DIP", "D11", "", "C", 59.05, 59.05, 35.43, 180],
		[73, "ATMEGA328P-PU_18", 4030, -4722.48, "T", "DIP", "D12", "", "C", 59.05, 59.05, 35.43, 180],
		[74, "ATMEGA328P-PU_18", 4030, -4722.48, "B", "DIP", "D12", "", "C", 59.05, 59.05, 35.43, 180],
		[75, "ATMEGA328P-PU_19", 4130, -4722.48, "T", "DIP", "D13", "", "C", 59.05, 59.05, 35.43, 180],
		[76, "ATMEGA328P-PU_19", 4130, -4722.48, "B", "DIP", "D13", "", "C", 59.05, 59.05, 35.43, 180],
		[77, "ATMEGA328P-PU_20", 4230, -4722.48, "T", "DIP", "+5V", "", "C", 59.05, 59.05, 35.43, 180],
		[78, "ATMEGA328P-PU_20", 4230, -4722.48, "B", "DIP", "+5V", "", "C", 59.05, 59.05, 35.43, 180],
		[79, "ATMEGA328P-PU_21", 4330, -4722.48, "T", "DIP", "ATMEGA328P-PU_21", "", "C", 59.05, 59.05, 35.43, 180],
		[80, "ATMEGA328P-PU_21", 4330, -4722.48, "B", "DIP", "ATMEGA328P-PU_21", "", "C", 59.05, 59.05, 35.43, 180],
		[81, "ATMEGA328P-PU_22", 4430, -4722.48, "T", "DIP", "GND", "GND", "C", 59.05, 59.05, 35.43, 180],
		[82, "ATMEGA328P-PU_22", 4430, -4722.48, "B", "DIP", "GND", "GND", "C", 59.05, 59.05, 35.43, 180],
		[83, "ATMEGA328P-PU_23", 4530, -4722.48, "T", "DIP", "A0", "", "C", 59.05, 59.05, 35.43, 180],
		[84, "ATMEGA328P-PU_23", 4530, -4722.48, "B", "DIP", "A0", "", "C", 59.05, 59.05, 35.43, 180],
		[85, "ATMEGA328P-PU_24", 4630, -4722.48, "T", "DIP", "A1", "", "C", 59.05, 59.05, 35.43, 180],
		[86, "ATMEGA328P-PU_24", 4630, -4722.48, "B", "DIP", "A1", "", "C", 59.05, 59.05, 35.43, 180],
		[87, "ATMEGA328P-PU_25", 4730, -4722.48, "T", "DIP", "A2", "", "C", 59.05, 59.05, 35.43, 180],
		[88, "ATMEGA328P-PU_25", 4730, -4722.48, "B", "DIP", "A2", "", "C", 59.05, 59.05, 35.43, 180],
		[89, "ATMEGA328P-PU_26", 4830, -4722.48, "T", "DIP", "ATMEGA328P-PU_26", "", "C", 59.05, 59.05, 35.43, 180],
		[90, "ATMEGA328P-PU_26", 4830, -4722.48, "B", "DIP", "ATMEGA328P-PU_26", "", "C", 59.05, 59.05, 35.43, 180],
		[91, "ATMEGA328P-PU_27", 4930, -4722.48, "T", "DIP", "SDA", "", "C", 59.05, 59.05, 35.43, 180],
		[92, "ATMEGA328P-PU_27", 4930, -4722.48, "B", "DIP", "SDA", "", "C", 59.05, 59.05, 35.43, 180],
		[93, "ATMEGA328P-PU_28", 5030, -4722.48, "T", "DIP", "SCL", "", "C", 59.05, 59.05, 35.43, 180],
		[94, "ATMEGA328P-PU_28", 5030, -4722.48, "B", "DIP", "SCL", "", "C", 59.05, 59.05, 35.43, 180],
		[95, "CH340G_1", 3257.3, -3970, "T", "SMD", "GND", "GND", "O", 23.7, 77.6, 0, 270],
		[96, "CH340G_2", 3257.3, -4020, "T", "SMD", "ATRX", "", "O", 23.7, 77.6, 0, 270],
		[97, "CH340G_3", 3257.3, -4070, "T", "SMD", "ATTX", "", "O", 23.7, 77.6, 0, 270],
		[98, "CH340G_4", 3257.3, -4120, "T", "SMD", "CH340G_4", "", "O", 23.7, 77.6, 0, 270],
		[99, "CH340G_5", 3257.3, -4170, "T", "SMD", "CHD+", "", "O", 23.7, 77.6, 0, 270],
		[100, "CH340G_6", 3257.3, -4220, "T", "SMD", "CHD-", "", "O", 23.7, 77.6, 0, 270],
		[101, "CH340G_7", 3257.3, -4270, "T", "SMD", "CH340G_7", "", "O", 23.7, 77.6, 0, 270],
		[102, "CH340G_8", 3257.3, -4320, "T", "SMD", "CH340G_8", "", "O", 23.7, 77.6, 0, 270],
		[103, "CH340G_9", 3472.7, -4320, "T", "SMD", "CH340G_9", "", "O", 23.7, 77.6, 0, 270],
		[104, "CH340G_10", 3472.7, -4270, "T", "SMD", "CH340G_10", "", "O", 23.7, 77.6, 0, 270],
		[105, "CH340G_11", 3472.7, -4220, "T", "SMD", "CH340G_11", "", "O", 23.7, 77.6, 0, 270],
		[106, "CH340G_12", 3472.7, -4170, "T", "SMD", "CH340G_12", "", "O", 23.7, 77.6, 0, 270],
		[107, "CH340G_13", 3472.7, -4120, "T", "SMD", "$1N10528", "", "O", 23.7, 77.6, 0, 270],
		[108, "CH340G_14", 3472.7, -4070, "T", "SMD", "CH340G_14", "", "O", 23.7, 77.6, 0, 270],
		[109, "CH340G_15", 3472.7, -4020, "T", "SMD", "CH340G_15", "", "O", 23.7, 77.6, 0, 270],
		[110, "CH340G_16", 3472.7, -3970, "T", "SMD", "+5V", "", "O", 23.7, 77.6, 0, 270],
		[111, "Display1_1", 3350, -2840, "T", "DIP", "+5V", "", "O", 57.56, 71.95, 31.5, 0],
		[112, "Display1_1", 3350, -2840, "B", "DIP", "+5V", "", "O", 57.56, 71.95, 31.5, 0],
		[113, "Display1_2", 3450, -2840, "T", "DIP", "+5V", "", "O", 57.56, 71.95, 31.5, 0],
		[114, "Display1_2", 3450, -2840, "B", "DIP", "+5V", "", "O", 57.56, 71.95, 31.5, 0],
		[115, "Display1_3", 3550, -2840, "T", "DIP", "GND", "GND", "O", 57.56, 71.95, 31.5, 0],
		[116, "Display1_3", 3550, -2840, "B", "DIP", "GND", "GND", "O", 57.56, 71.95, 31.5, 0],
		[117, "Display1_4", 3650, -2840, "T", "DIP", "GND", "GND", "O", 57.56, 71.95, 31.5, 0],
		[118, "Display1_4", 3650, -2840, "B", "DIP", "GND", "GND", "O", 57.56, 71.95, 31.5, 0],
		[119, "Display1_5", 3750, -2840, "T", "DIP", "A0", "", "O", 57.56, 71.95, 31.5, 0],
		[120, "Display1_5", 3750, -2840, "B", "DIP", "A0", "", "O", 57.56, 71.95, 31.5, 0],
		[121, "Display1_6", 3850, -2840, "T", "DIP", "+5V", "", "O", 57.56, 71.95, 31.5, 0],
		[122, "Display1_6", 3850, -2840, "B", "DIP", "+5V", "", "O", 57.56, 71.95, 31.5, 0],
		[123, "Display1_7", 3950, -2840, "T", "DIP", "A1", "", "O", 57.56, 71.95, 31.5, 0],
		[124, "Display1_7", 3950, -2840, "B", "DIP", "A1", "", "O", 57.56, 71.95, 31.5, 0],
		[125, "Display1_8", 4050, -2840, "T", "DIP", "A2", "", "O", 57.56, 71.95, 31.5, 0],
		[126, "Display1_8", 4050, -2840, "B", "DIP", "A2", "", "O", 57.56, 71.95, 31.5, 0],
		[127, "Display1_9", 4150, -2840, "T", "DIP", "D2", "", "O", 57.56, 71.95, 31.5, 0],
		[128, "Display1_9", 4150, -2840, "B", "DIP", "D2", "", "O", 57.56, 71.95, 31.5, 0],
		[129, "Display1_10", 4250, -2840, "T", "DIP", "Display1_10", "", "O", 57.56, 71.95, 31.5, 0],
		[130, "Display1_10", 4250, -2840, "B", "DIP", "Display1_10", "", "O", 57.56, 71.95, 31.5, 0],
		[131, "Display1_11", 4350, -2840, "T", "DIP", "Display1_11", "", "O", 57.56, 71.95, 31.5, 0],
		[132, "Display1_11", 4350, -2840, "B", "DIP", "Display1_11", "", "O", 57.56, 71.95, 31.5, 0],
		[133, "Display1_12", 4350, -2240, "T", "DIP", "GND", "GND", "O", 57.56, 71.95, 31.5, 0],
		[134, "Display1_12", 4350, -2240, "B", "DIP", "GND", "GND", "O", 57.56, 71.95, 31.5, 0],
		[135, "Display1_13", 4250, -2240, "T", "DIP", "Display1_13", "", "O", 57.56, 71.95, 31.5, 0],
		[136, "Display1_13", 4250, -2240, "B", "DIP", "Display1_13", "", "O", 57.56, 71.95, 31.5, 0],
		[137, "Display1_14", 4150, -2240, "T", "DIP", "+5V", "", "O", 57.56, 71.95, 31.5, 0],
		[138, "Display1_14", 4150, -2240, "B", "DIP", "+5V", "", "O", 57.56, 71.95, 31.5, 0],
		[139, "Display1_15", 4050, -2240, "T", "DIP", "Display1_15", "", "O", 57.56, 71.95, 31.5, 0],
		[140, "Display1_15", 4050, -2240, "B", "DIP", "Display1_15", "", "O", 57.56, 71.95, 31.5, 0],
		[141, "Display1_16", 3950, -2240, "T", "DIP", "D7", "", "O", 57.56, 71.95, 31.5, 0],
		[142, "Display1_16", 3950, -2240, "B", "DIP", "D7", "", "O", 57.56, 71.95, 31.5, 0],
		[143, "Display1_17", 3850, -2240, "T", "DIP", "D8", "", "O", 57.56, 71.95, 31.5, 0],
		[144, "Display1_17", 3850, -2240, "B", "DIP", "D8", "", "O", 57.56, 71.95, 31.5, 0],
		[145, "Display1_18", 3750, -2240, "T", "DIP", "D9", "", "O", 57.56, 71.95, 31.5, 0],
		[146, "Display1_18", 3750, -2240, "B", "DIP", "D9", "", "O", 57.56, 71.95, 31.5, 0],
		[147, "Display1_19", 3650, -2240, "T", "DIP", "D10", "", "O", 57.56, 71.95, 31.5, 0],
		[148, "Display1_19", 3650, -2240, "B", "DIP", "D10", "", "O", 57.56, 71.95, 31.5, 0],
		[149, "Display1_20", 3550, -2240, "T", "DIP", "D11", "", "O", 57.56, 71.95, 31.5, 0],
		[150, "Display1_20", 3550, -2240, "B", "DIP", "D11", "", "O", 57.56, 71.95, 31.5, 0],
		[151, "Display1_21", 3450, -2240, "T", "DIP", "D12", "", "O", 57.56, 71.95, 31.5, 0],
		[152, "Display1_21", 3450, -2240, "B", "DIP", "D12", "", "O", 57.56, 71.95, 31.5, 0],
		[153, "Display1_22", 3350, -2240, "T", "DIP", "D13", "", "O", 57.56, 71.95, 31.5, 0],
		[154, "Display1_22", 3350, -2240, "B", "DIP", "D13", "", "O", 57.56, 71.95, 31.5, 0],
		[155, "Display2_1", 4675, -2840, "T", "DIP", "+5V", "", "O", 57.56, 71.95, 31.5, 0],
		[156, "Display2_1", 4675, -2840, "B", "DIP", "+5V", "", "O", 57.56, 71.95, 31.5, 0],
		[157, "Display2_2", 4775, -2840, "T", "DIP", "+5V", "", "O", 57.56, 71.95, 31.5, 0],
		[158, "Display2_2", 4775, -2840, "B", "DIP", "+5V", "", "O", 57.56, 71.95, 31.5, 0],
		[159, "Display2_3", 4875, -2840, "T", "DIP", "GND", "GND", "O", 57.56, 71.95, 31.5, 0],
		[160, "Display2_3", 4875, -2840, "B", "DIP", "GND", "GND", "O", 57.56, 71.95, 31.5, 0],
		[161, "Display2_4", 4975, -2840, "T", "DIP", "GND", "GND", "O", 57.56, 71.95, 31.5, 0],
		[162, "Display2_4", 4975, -2840, "B", "DIP", "GND", "GND", "O", 57.56, 71.95, 31.5, 0],
		[163, "Display2_5", 5075, -2840, "T", "DIP", "A0", "", "O", 57.56, 71.95, 31.5, 0],
		[164, "Display2_5", 5075, -2840, "B", "DIP", "A0", "", "O", 57.56, 71.95, 31.5, 0],
		[165, "Display2_6", 5175, -2840, "T", "DIP", "+5V", "", "O", 57.56, 71.95, 31.5, 0],
		[166, "Display2_6", 5175, -2840, "B", "DIP", "+5V", "", "O", 57.56, 71.95, 31.5, 0],
		[167, "Display2_7", 5275, -2840, "T", "DIP", "A1", "", "O", 57.56, 71.95, 31.5, 0],
		[168, "Display2_7", 5275, -2840, "B", "DIP", "A1", "", "O", 57.56, 71.95, 31.5, 0],
		[169, "Display2_8", 5375, -2840, "T", "DIP", "A2", "", "O", 57.56, 71.95, 31.5, 0],
		[170, "Display2_8", 5375, -2840, "B", "DIP", "A2", "", "O", 57.56, 71.95, 31.5, 0],
		[171, "Display2_9", 5475, -2840, "T", "DIP", "D3", "", "O", 57.56, 71.95, 31.5, 0],
		[172, "Display2_9", 5475, -2840, "B", "DIP", "D3", "", "O", 57.56, 71.95, 31.5, 0],
		[173, "Display2_10", 5575, -2840, "T", "DIP", "Display2_10", "", "O", 57.56, 71.95, 31.5, 0],
		[174, "Display2_10", 5575, -2840, "B", "DIP", "Display2_10", "", "O", 57.56, 71.95, 31.5, 0],
		[175, "Display2_11", 5675, -2840, "T", "DIP", "Display2_11", "", "O", 57.56, 71.95, 31.5, 0],
		[176, "Display2_11", 5675, -2840, "B", "DIP", "Display2_11", "", "O", 57.56, 71.95, 31.5, 0],
		[177, "Display2_12", 5675, -2240, "T", "DIP", "GND", "GND", "O", 57.56, 71.95, 31.5, 0],
		[178, "Display2_12", 5675, -2240, "B", "DIP", "GND", "GND", "O", 57.56, 71.95, 31.5, 0],
		[179, "Display2_13", 5575, -2240, "T", "DIP", "Display2_13", "", "O", 57.56, 71.95, 31.5, 0],
		[180, "Display2_13", 5575, -2240, "B", "DIP", "Display2_13", "", "O", 57.56, 71.95, 31.5, 0],
		[181, "Display2_14", 5475, -2240, "T", "DIP", "+5V", "", "O", 57.56, 71.95, 31.5, 0],
		[182, "Display2_14", 5475, -2240, "B", "DIP", "+5V", "", "O", 57.56, 71.95, 31.5, 0],
		[183, "Display2_15", 5375, -2240, "T", "DIP", "Display2_15", "", "O", 57.56, 71.95, 31.5, 0],
		[184, "Display2_15", 5375, -2240, "B", "DIP", "Display2_15", "", "O", 57.56, 71.95, 31.5, 0],
		[185, "Display2_16", 5275, -2240, "T", "DIP", "D7", "", "O", 57.56, 71.95, 31.5, 0],
		[186, "Display2_16", 5275, -2240, "B", "DIP", "D7", "", "O", 57.56, 71.95, 31.5, 0],
		[187, "Display2_17", 5175, -2240, "T", "DIP", "D8", "", "O", 57.56, 71.95, 31.5, 0],
		[188, "Display2_17", 5175, -2240, "B", "DIP", "D8", "", "O", 57.56, 71.95, 31.5, 0],
		[189, "Display2_18", 5075, -2240, "T", "DIP", "D9", "", "O", 57.56, 71.95, 31.5, 0],
		[190, "Display2_18", 5075, -2240, "B", "DIP", "D9", "", "O", 57.56, 71.95, 31.5, 0],
		[191, "Display2_19", 4975, -2240, "T", "DIP", "D10", "", "O", 57.56, 71.95, 31.5, 0],
		[192, "Display2_19", 4975, -2240, "B", "DIP", "D10", "", "O", 57.56, 71.95, 31.5, 0],
		[193, "Display2_20", 4875, -2240, "T", "DIP", "D11", "", "O", 57.56, 71.95, 31.5, 0],
		[194, "Display2_20", 4875, -2240, "B", "DIP", "D11", "", "O", 57.56, 71.95, 31.5, 0],
		[195, "Display2_21", 4775, -2240, "T", "DIP", "D12", "", "O", 57.56, 71.95, 31.5, 0],
		[196, "Display2_21", 4775, -2240, "B", "DIP", "D12", "", "O", 57.56, 71.95, 31.5, 0],
		[197, "Display2_22", 4675, -2240, "T", "DIP", "D13", "", "O", 57.56, 71.95, 31.5, 0],
		[198, "Display2_22", 4675, -2240, "B", "DIP", "D13", "", "O", 57.56, 71.95, 31.5, 0],
		[199, "Display3_1", 2685, -3675, "T", "DIP", "+5V", "", "O", 57.56, 71.95, 31.5, 0],
		[200, "Display3_1", 2685, -3675, "B", "DIP", "+5V", "", "O", 57.56, 71.95, 31.5, 0],
		[201, "Display3_2", 2785, -3675, "T", "DIP", "+5V", "", "O", 57.56, 71.95, 31.5, 0],
		[202, "Display3_2", 2785, -3675, "B", "DIP", "+5V", "", "O", 57.56, 71.95, 31.5, 0],
		[203, "Display3_3", 2885, -3675, "T", "DIP", "GND", "GND", "O", 57.56, 71.95, 31.5, 0],
		[204, "Display3_3", 2885, -3675, "B", "DIP", "GND", "GND", "O", 57.56, 71.95, 31.5, 0],
		[205, "Display3_4", 2985, -3675, "T", "DIP", "GND", "GND", "O", 57.56, 71.95, 31.5, 0],
		[206, "Display3_4", 2985, -3675, "B", "DIP", "GND", "GND", "O", 57.56, 71.95, 31.5, 0],
		[207, "Display3_5", 3085, -3675, "T", "DIP", "A0", "", "O", 57.56, 71.95, 31.5, 0],
		[208, "Display3_5", 3085, -3675, "B", "DIP", "A0", "", "O", 57.56, 71.95, 31.5, 0],
		[209, "Display3_6", 3185, -3675, "T", "DIP", "+5V", "", "O", 57.56, 71.95, 31.5, 0],
		[210, "Display3_6", 3185, -3675, "B", "DIP", "+5V", "", "O", 57.56, 71.95, 31.5, 0],
		[211, "Display3_7", 3285, -3675, "T", "DIP", "A1", "", "O", 57.56, 71.95, 31.5, 0],
		[212, "Display3_7", 3285, -3675, "B", "DIP", "A1", "", "O", 57.56, 71.95, 31.5, 0],
		[213, "Display3_8", 3385, -3675, "T", "DIP", "A2", "", "O", 57.56, 71.95, 31.5, 0],
		[214, "Display3_8", 3385, -3675, "B", "DIP", "A2", "", "O", 57.56, 71.95, 31.5, 0],
		[215, "Display3_9", 3485, -3675, "T", "DIP", "D4", "", "O", 57.56, 71.95, 31.5, 0],
		[216, "Display3_9", 3485, -3675, "B", "DIP", "D4", "", "O", 57.56, 71.95, 31.5, 0],
		[217, "Display3_10", 3585, -3675, "T", "DIP", "Display3_10", "", "O", 57.56, 71.95, 31.5, 0],
		[218, "Display3_10", 3585, -3675, "B", "DIP", "Display3_10", "", "O", 57.56, 71.95, 31.5, 0],
		[219, "Display3_11", 3685, -3675, "T", "DIP", "Display3_11", "", "O", 57.56, 71.95, 31.5, 0],
		[220, "Display3_11", 3685, -3675, "B", "DIP", "Display3_11", "", "O", 57.56, 71.95, 31.5, 0],
		[221, "Display3_12", 3685, -3075, "T", "DIP", "GND", "GND", "O", 57.56, 71.95, 31.5, 0],
		[222, "Display3_12", 3685, -3075, "B", "DIP", "GND", "GND", "O", 57.56, 71.95, 31.5, 0],
		[223, "Display3_13", 3585, -3075, "T", "DIP", "Display3_13", "", "O", 57.56, 71.95, 31.5, 0],
		[224, "Display3_13", 3585, -3075, "B", "DIP", "Display3_13", "", "O", 57.56, 71.95, 31.5, 0],
		[225, "Display3_14", 3485, -3075, "T", "DIP", "+5V", "", "O", 57.56, 71.95, 31.5, 0],
		[226, "Display3_14", 3485, -3075, "B", "DIP", "+5V", "", "O", 57.56, 71.95, 31.5, 0],
		[227, "Display3_15", 3385, -3075, "T", "DIP", "Display3_15", "", "O", 57.56, 71.95, 31.5, 0],
		[228, "Display3_15", 3385, -3075, "B", "DIP", "Display3_15", "", "O", 57.56, 71.95, 31.5, 0],
		[229, "Display3_16", 3285, -3075, "T", "DIP", "D7", "", "O", 57.56, 71.95, 31.5, 0],
		[230, "Display3_16", 3285, -3075, "B", "DIP", "D7", "", "O", 57.56, 71.95, 31.5, 0],
		[231, "Display3_17", 3185, -3075, "T", "DIP", "D8", "", "O", 57.56, 71.95, 31.5, 0],
		[232, "Display3_17", 3185, -3075, "B", "DIP", "D8", "", "O", 57.56, 71.95, 31.5, 0],
		[233, "Display3_18", 3085, -3075, "T", "DIP", "D9", "", "O", 57.56, 71.95, 31.5, 0],
		[234, "Display3_18", 3085, -3075, "B", "DIP", "D9", "", "O", 57.56, 71.95, 31.5, 0],
		[235, "Display3_19", 2985, -3075, "T", "DIP", "D10", "", "O", 57.56, 71.95, 31.5, 0],
		[236, "Display3_19", 2985, -3075, "B", "DIP", "D10", "", "O", 57.56, 71.95, 31.5, 0],
		[237, "Display3_20", 2885, -3075, "T", "DIP", "D11", "", "O", 57.56, 71.95, 31.5, 0],
		[238, "Display3_20", 2885, -3075, "B", "DIP", "D11", "", "O", 57.56, 71.95, 31.5, 0],
		[239, "Display3_21", 2785, -3075, "T", "DIP", "D12", "", "O", 57.56, 71.95, 31.5, 0],
		[240, "Display3_21", 2785, -3075, "B", "DIP", "D12", "", "O", 57.56, 71.95, 31.5, 0],
		[241, "Display3_22", 2685, -3075, "T", "DIP", "D13", "", "O", 57.56, 71.95, 31.5, 0],
		[242, "Display3_22", 2685, -3075, "B", "DIP", "D13", "", "O", 57.56, 71.95, 31.5, 0],
		[243, "Display4_1", 4015, -3675, "T", "DIP", "+5V", "", "O", 57.56, 71.95, 31.5, 0],
		[244, "Display4_1", 4015, -3675, "B", "DIP", "+5V", "", "O", 57.56, 71.95, 31.5, 0],
		[245, "Display4_2", 4115, -3675, "T", "DIP", "+5V", "", "O", 57.56, 71.95, 31.5, 0],
		[246, "Display4_2", 4115, -3675, "B", "DIP", "+5V", "", "O", 57.56, 71.95, 31.5, 0],
		[247, "Display4_3", 4215, -3675, "T", "DIP", "GND", "GND", "O", 57.56, 71.95, 31.5, 0],
		[248, "Display4_3", 4215, -3675, "B", "DIP", "GND", "GND", "O", 57.56, 71.95, 31.5, 0],
		[249, "Display4_4", 4315, -3675, "T", "DIP", "GND", "GND", "O", 57.56, 71.95, 31.5, 0],
		[250, "Display4_4", 4315, -3675, "B", "DIP", "GND", "GND", "O", 57.56, 71.95, 31.5, 0],
		[251, "Display4_5", 4415, -3675, "T", "DIP", "A0", "", "O", 57.56, 71.95, 31.5, 0],
		[252, "Display4_5", 4415, -3675, "B", "DIP", "A0", "", "O", 57.56, 71.95, 31.5, 0],
		[253, "Display4_6", 4515, -3675, "T", "DIP", "+5V", "", "O", 57.56, 71.95, 31.5, 0],
		[254, "Display4_6", 4515, -3675, "B", "DIP", "+5V", "", "O", 57.56, 71.95, 31.5, 0],
		[255, "Display4_7", 4615, -3675, "T", "DIP", "A1", "", "O", 57.56, 71.95, 31.5, 0],
		[256, "Display4_7", 4615, -3675, "B", "DIP", "A1", "", "O", 57.56, 71.95, 31.5, 0],
		[257, "Display4_8", 4715, -3675, "T", "DIP", "A2", "", "O", 57.56, 71.95, 31.5, 0],
		[258, "Display4_8", 4715, -3675, "B", "DIP", "A2", "", "O", 57.56, 71.95, 31.5, 0],
		[259, "Display4_9", 4815, -3675, "T", "DIP", "D5", "", "O", 57.56, 71.95, 31.5, 0],
		[260, "Display4_9", 4815, -3675, "B", "DIP", "D5", "", "O", 57.56, 71.95, 31.5, 0],
		[261, "Display4_10", 4915, -3675, "T", "DIP", "Display4_10", "", "O", 57.56, 71.95, 31.5, 0],
		[262, "Display4_10", 4915, -3675, "B", "DIP", "Display4_10", "", "O", 57.56, 71.95, 31.5, 0],
		[263, "Display4_11", 5015, -3675, "T", "DIP", "Display4_11", "", "O", 57.56, 71.95, 31.5, 0],
		[264, "Display4_11", 5015, -3675, "B", "DIP", "Display4_11", "", "O", 57.56, 71.95, 31.5, 0],
		[265, "Display4_12", 5015, -3075, "T", "DIP", "GND", "GND", "O", 57.56, 71.95, 31.5, 0],
		[266, "Display4_12", 5015, -3075, "B", "DIP", "GND", "GND", "O", 57.56, 71.95, 31.5, 0],
		[267, "Display4_13", 4915, -3075, "T", "DIP", "Display4_13", "", "O", 57.56, 71.95, 31.5, 0],
		[268, "Display4_13", 4915, -3075, "B", "DIP", "Display4_13", "", "O", 57.56, 71.95, 31.5, 0],
		[269, "Display4_14", 4815, -3075, "T", "DIP", "+5V", "", "O", 57.56, 71.95, 31.5, 0],
		[270, "Display4_14", 4815, -3075, "B", "DIP", "+5V", "", "O", 57.56, 71.95, 31.5, 0],
		[271, "Display4_15", 4715, -3075, "T", "DIP", "Display4_15", "", "O", 57.56, 71.95, 31.5, 0],
		[272, "Display4_15", 4715, -3075, "B", "DIP", "Display4_15", "", "O", 57.56, 71.95, 31.5, 0],
		[273, "Display4_16", 4615, -3075, "T", "DIP", "D7", "", "O", 57.56, 71.95, 31.5, 0],
		[274, "Display4_16", 4615, -3075, "B", "DIP", "D7", "", "O", 57.56, 71.95, 31.5, 0],
		[275, "Display4_17", 4515, -3075, "T", "DIP", "D8", "", "O", 57.56, 71.95, 31.5, 0],
		[276, "Display4_17", 4515, -3075, "B", "DIP", "D8", "", "O", 57.56, 71.95, 31.5, 0],
		[277, "Display4_18", 4415, -3075, "T", "DIP", "D9", "", "O", 57.56, 71.95, 31.5, 0],
		[278, "Display4_18", 4415, -3075, "B", "DIP", "D9", "", "O", 57.56, 71.95, 31.5, 0],
		[279, "Display4_19", 4315, -3075, "T", "DIP", "D10", "", "O", 57.56, 71.95, 31.5, 0],
		[280, "Display4_19", 4315, -3075, "B", "DIP", "D10", "", "O", 57.56, 71.95, 31.5, 0],
		[281, "Display4_20", 4215, -3075, "T", "DIP", "D11", "", "O", 57.56, 71.95, 31.5, 0],
		[282, "Display4_20", 4215, -3075, "B", "DIP", "D11", "", "O", 57.56, 71.95, 31.5, 0],
		[283, "Display4_21", 4115, -3075, "T", "DIP", "D12", "", "O", 57.56, 71.95, 31.5, 0],
		[284, "Display4_21", 4115, -3075, "B", "DIP", "D12", "", "O", 57.56, 71.95, 31.5, 0],
		[285, "Display4_22", 4015, -3075, "T", "DIP", "D13", "", "O", 57.56, 71.95, 31.5, 0],
		[286, "Display4_22", 4015, -3075, "B", "DIP", "D13", "", "O", 57.56, 71.95, 31.5, 0],
		[287, "Display5_1", 5350, -3675, "T", "DIP", "+5V", "", "O", 57.56, 71.95, 31.5, 0],
		[288, "Display5_1", 5350, -3675, "B", "DIP", "+5V", "", "O", 57.56, 71.95, 31.5, 0],
		[289, "Display5_2", 5450, -3675, "T", "DIP", "+5V", "", "O", 57.56, 71.95, 31.5, 0],
		[290, "Display5_2", 5450, -3675, "B", "DIP", "+5V", "", "O", 57.56, 71.95, 31.5, 0],
		[291, "Display5_3", 5550, -3675, "T", "DIP", "GND", "GND", "O", 57.56, 71.95, 31.5, 0],
		[292, "Display5_3", 5550, -3675, "B", "DIP", "GND", "GND", "O", 57.56, 71.95, 31.5, 0],
		[293, "Display5_4", 5650, -3675, "T", "DIP", "GND", "GND", "O", 57.56, 71.95, 31.5, 0],
		[294, "Display5_4", 5650, -3675, "B", "DIP", "GND", "GND", "O", 57.56, 71.95, 31.5, 0],
		[295, "Display5_5", 5750, -3675, "T", "DIP", "A0", "", "O", 57.56, 71.95, 31.5, 0],
		[296, "Display5_5", 5750, -3675, "B", "DIP", "A0", "", "O", 57.56, 71.95, 31.5, 0],
		[297, "Display5_6", 5850, -3675, "T", "DIP", "+5V", "", "O", 57.56, 71.95, 31.5, 0],
		[298, "Display5_6", 5850, -3675, "B", "DIP", "+5V", "", "O", 57.56, 71.95, 31.5, 0],
		[299, "Display5_7", 5950, -3675, "T", "DIP", "A1", "", "O", 57.56, 71.95, 31.5, 0],
		[300, "Display5_7", 5950, -3675, "B", "DIP", "A1", "", "O", 57.56, 71.95, 31.5, 0],
		[301, "Display5_8", 6050, -3675, "T", "DIP", "A2", "", "O", 57.56, 71.95, 31.5, 0],
		[302, "Display5_8", 6050, -3675, "B", "DIP", "A2", "", "O", 57.56, 71.95, 31.5, 0],
		[303, "Display5_9", 6150, -3675, "T", "DIP", "D6", "", "O", 57.56, 71.95, 31.5, 0],
		[304, "Display5_9", 6150, -3675, "B", "DIP", "D6", "", "O", 57.56, 71.95, 31.5, 0],
		[305, "Display5_10", 6250, -3675, "T", "DIP", "Display5_10", "", "O", 57.56, 71.95, 31.5, 0],
		[306, "Display5_10", 6250, -3675, "B", "DIP", "Display5_10", "", "O", 57.56, 71.95, 31.5, 0],
		[307, "Display5_11", 6350, -3675, "T", "DIP", "Display5_11", "", "O", 57.56, 71.95, 31.5, 0],
		[308, "Display5_11", 6350, -3675, "B", "DIP", "Display5_11", "", "O", 57.56, 71.95, 31.5, 0],
		[309, "Display5_12", 6350, -3075, "T", "DIP", "GND", "GND", "O", 57.56, 71.95, 31.5, 0],
		[310, "Display5_12", 6350, -3075, "B", "DIP", "GND", "GND", "O", 57.56, 71.95, 31.5, 0],
		[311, "Display5_13", 6250, -3075, "T", "DIP", "Display5_13", "", "O", 57.56, 71.95, 31.5, 0],
		[312, "Display5_13", 6250, -3075, "B", "DIP", "Display5_13", "", "O", 57.56, 71.95, 31.5, 0],
		[313, "Display5_14", 6150, -3075, "T", "DIP", "+5V", "", "O", 57.56, 71.95, 31.5, 0],
		[314, "Display5_14", 6150, -3075, "B", "DIP", "+5V", "", "O", 57.56, 71.95, 31.5, 0],
		[315, "Display5_15", 6050, -3075, "T", "DIP", "Display5_15", "", "O", 57.56, 71.95, 31.5, 0],
		[316, "Display5_15", 6050, -3075, "B", "DIP", "Display5_15", "", "O", 57.56, 71.95, 31.5, 0],
		[317, "Display5_16", 5950, -3075, "T", "DIP", "D7", "", "O", 57.56, 71.95, 31.5, 0],
		[318, "Display5_16", 5950, -3075, "B", "DIP", "D7", "", "O", 57.56, 71.95, 31.5, 0],
		[319, "Display5_17", 5850, -3075, "T", "DIP", "D8", "", "O", 57.56, 71.95, 31.5, 0],
		[320, "Display5_17", 5850, -3075, "B", "DIP", "D8", "", "O", 57.56, 71.95, 31.5, 0],
		[321, "Display5_18", 5750, -3075, "T", "DIP", "D9", "", "O", 57.56, 71.95, 31.5, 0],
		[322, "Display5_18", 5750, -3075, "B", "DIP", "D9", "", "O", 57.56, 71.95, 31.5, 0],
		[323, "Display5_19", 5650, -3075, "T", "DIP", "D10", "", "O", 57.56, 71.95, 31.5, 0],
		[324, "Display5_19", 5650, -3075, "B", "DIP", "D10", "", "O", 57.56, 71.95, 31.5, 0],
		[325, "Display5_20", 5550, -3075, "T", "DIP", "D11", "", "O", 57.56, 71.95, 31.5, 0],
		[326, "Display5_20", 5550, -3075, "B", "DIP", "D11", "", "O", 57.56, 71.95, 31.5, 0],
		[327, "Display5_21", 5450, -3075, "T", "DIP", "D12", "", "O", 57.56, 71.95, 31.5, 0],
		[328, "Display5_21", 5450, -3075, "B", "DIP", "D12", "", "O", 57.56, 71.95, 31.5, 0],
		[329, "Display5_22", 5350, -3075, "T", "DIP", "D13", "", "O", 57.56, 71.95, 31.5, 0],
		[330, "Display5_22", 5350, -3075, "B", "DIP", "D13", "", "O", 57.56, 71.95, 31.5, 0],
		[331, "LED1_1", 6306.35, -3955, "T", "SMD", "+5V", "", "R", 39.37, 55.1, 0, 180],
		[332, "LED1_2", 6223.65, -3955, "T", "SMD", "$1N1376", "", "R", 39.37, 55.1, 0, 180],
		[333, "MCP1624T-I/CHY_1", 3726.85, -3992.6, "T", "SMD", "$1N2052", "", "R", 43.31, 23.62, 0, 180],
		[334, "MCP1624T-I/CHY_2", 3726.85, -4030, "T", "SMD", "GND", "GND", "R", 43.31, 23.62, 0, 180],
		[335, "MCP1624T-I/CHY_3", 3726.85, -4067.4, "T", "SMD", "VCC", "", "R", 43.31, 23.62, 0, 180],
		[336, "MCP1624T-I/CHY_4", 3833.15, -4067.4, "T", "SMD", "$1N2150", "", "R", 43.31, 23.62, 0, 180],
		[337, "MCP1624T-I/CHY_5", 3833.15, -4030, "T", "SMD", "+5V", "", "R", 43.31, 23.62, 0, 180],
		[338, "MCP1624T-I/CHY_6", 3833.15, -3992.6, "T", "SMD", "VCC", "", "R", 43.31, 23.62, 0, 180],
		[339, "Micro-USB_0", 2585.18, -4712.63, "T", "SMD", "GND", "GND", "R", 59.05, 74.8, 0, 270],
		[340, "Micro-USB_0", 2585.18, -4417.37, "T", "SMD", "GND", "GND", "R", 59.05, 74.8, 0, 270],
		[341, "Micro-USB_0", 2585.18, -4513.82, "T", "SMD", "GND", "GND", "R", 74.8, 74.8, 0, 270],
		[342, "Micro-USB_0", 2585.18, -4616.18, "T", "SMD", "GND", "GND", "R", 74.8, 74.8, 0, 270],
		[343, "Micro-USB_1", 2694.82, -4513.8, "T", "SMD", "+5V", "", "R", 53.15, 15.75, 0, 180],
		[344, "Micro-USB_2", 2694.82, -4539.4, "T", "SMD", "CHD-", "", "R", 53.15, 15.75, 0, 180],
		[345, "Micro-USB_3", 2694.82, -4565, "T", "SMD", "CHD+", "", "R", 53.15, 15.75, 0, 180],
		[346, "Micro-USB_4", 2694.82, -4590.6, "T", "SMD", "Micro-USB_4", "", "R", 53.15, 15.75, 0, 180],
		[347, "Micro-USB_5", 2694.82, -4616.2, "T", "SMD", "GND", "GND", "R", 53.15, 15.75, 0, 180],
		[348, "PCF8563T_1", 5333.5, -3940, "T", "SMD", "$1N1081", "", "O", 22.38, 76.78, 0, 270],
		[349, "PCF8563T_2", 5333.5, -3990, "T", "SMD", "$1N1077", "", "O", 22.38, 76.78, 0, 270],
		[350, "PCF8563T_3", 5333.5, -4040, "T", "SMD", "PCF8563T_3", "", "O", 22.38, 76.78, 0, 270],
		[351, "PCF8563T_4", 5333.5, -4090, "T", "SMD", "GND", "GND", "O", 22.38, 76.78, 0, 270],
		[352, "PCF8563T_5", 5546.5, -4090, "T", "SMD", "$1N1492", "", "O", 22.38, 76.78, 0, 270],
		[353, "PCF8563T_6", 5546.5, -4040, "T", "SMD", "$1N1494", "", "O", 22.38, 76.78, 0, 270],
		[354, "PCF8563T_7", 5546.5, -3990, "T", "SMD", "PCF8563T_7", "", "O", 22.38, 76.78, 0, 270],
		[355, "PCF8563T_8", 5546.5, -3940, "T", "SMD", "+5V", "", "O", 22.38, 76.78, 0, 270]
	]
}
}